twoPass,quality,bestQuality,goodQuality,rtQuality,constantBitrate,autoAltRef,noAltRef,allowResize,threads,tokenParts,arnrMaxFrames,arnrStrength,<$performance
0,1,0,0,1,0,0,0,0,1,0,0,0,8190.6
0,1,0,0,1,0,0,0,0,2,0,0,0,6502.4
0,1,0,0,1,0,0,0,0,3,0,0,0,5856.2
0,1,0,0,1,0,0,0,0,4,0,0,0,5661
0,1,0,0,1,0,0,0,0,1,1,0,0,8250.6
0,1,0,0,1,0,0,0,0,2,1,0,0,6592.6
0,1,0,0,1,0,0,0,0,3,1,0,0,5863
0,1,0,0,1,0,0,0,0,4,1,0,0,5409
0,1,0,0,1,0,0,0,0,1,2,0,0,8265.8
0,1,0,0,1,0,0,0,0,2,2,0,0,6649.2
0,1,0,0,1,0,0,0,0,3,2,0,0,5948.8
0,1,0,0,1,0,0,0,0,4,2,0,0,5656.6
0,1,0,0,1,0,0,0,0,1,0,5,0,8290.2
0,1,0,0,1,0,0,0,0,2,0,5,0,6439.6
0,1,0,0,1,0,0,0,0,3,0,5,0,5871.6
0,1,0,0,1,0,0,0,0,4,0,5,0,5569
0,1,0,0,1,0,0,0,0,1,1,5,0,8330.8
0,1,0,0,1,0,0,0,0,2,1,5,0,6501.4
0,1,0,0,1,0,0,0,0,3,1,5,0,5848.2
0,1,0,0,1,0,0,0,0,4,1,5,0,5589.2
0,1,0,0,1,0,0,0,0,1,2,5,0,8219.8
0,1,0,0,1,0,0,0,0,2,2,5,0,6419
0,1,0,0,1,0,0,0,0,3,2,5,0,6111.4
0,1,0,0,1,0,0,0,0,4,2,5,0,5640
0,1,0,0,1,0,0,0,0,1,0,15,0,8216.8
0,1,0,0,1,0,0,0,0,2,0,15,0,6447.8
0,1,0,0,1,0,0,0,0,3,0,15,0,5960
0,1,0,0,1,0,0,0,0,4,0,15,0,5626
0,1,0,0,1,0,0,0,0,1,1,15,0,8375.4
0,1,0,0,1,0,0,0,0,2,1,15,0,6255
0,1,0,0,1,0,0,0,0,3,1,15,0,5969.6
0,1,0,0,1,0,0,0,0,4,1,15,0,5690.8
0,1,0,0,1,0,0,0,0,1,2,15,0,8131
0,1,0,0,1,0,0,0,0,2,2,15,0,6454.4
0,1,0,0,1,0,0,0,0,3,2,15,0,5781
0,1,0,0,1,0,0,0,0,4,2,15,0,5526.6
0,1,0,0,1,0,0,0,0,1,0,0,3,8303.8
0,1,0,0,1,0,0,0,0,2,0,0,3,6471.6
0,1,0,0,1,0,0,0,0,3,0,0,3,5881.2
0,1,0,0,1,0,0,0,0,4,0,0,3,5631.2
0,1,0,0,1,0,0,0,0,1,1,0,3,8056.6
0,1,0,0,1,0,0,0,0,2,1,0,3,6504.2
0,1,0,0,1,0,0,0,0,3,1,0,3,5717.2
0,1,0,0,1,0,0,0,0,4,1,0,3,5547.4
0,1,0,0,1,0,0,0,0,1,2,0,3,8258.2
0,1,0,0,1,0,0,0,0,2,2,0,3,6487.8
0,1,0,0,1,0,0,0,0,3,2,0,3,5901.2
0,1,0,0,1,0,0,0,0,4,2,0,3,5654
0,1,0,0,1,0,0,0,0,1,0,5,3,8351.8
0,1,0,0,1,0,0,0,0,2,0,5,3,6570
0,1,0,0,1,0,0,0,0,3,0,5,3,5873.6
0,1,0,0,1,0,0,0,0,4,0,5,3,5521.8
0,1,0,0,1,0,0,0,0,1,1,5,3,8223.8
0,1,0,0,1,0,0,0,0,2,1,5,3,6454.8
0,1,0,0,1,0,0,0,0,3,1,5,3,5978.4
0,1,0,0,1,0,0,0,0,4,1,5,3,5743
0,1,0,0,1,0,0,0,0,1,2,5,3,8196.2
0,1,0,0,1,0,0,0,0,2,2,5,3,6210.6
0,1,0,0,1,0,0,0,0,3,2,5,3,5980
0,1,0,0,1,0,0,0,0,4,2,5,3,5607.8
0,1,0,0,1,0,0,0,0,1,0,15,3,8323.2
0,1,0,0,1,0,0,0,0,2,0,15,3,6351.8
0,1,0,0,1,0,0,0,0,3,0,15,3,5843.2
0,1,0,0,1,0,0,0,0,4,0,15,3,5557.2
0,1,0,0,1,0,0,0,0,1,1,15,3,8366.8
0,1,0,0,1,0,0,0,0,2,1,15,3,6546.8
0,1,0,0,1,0,0,0,0,3,1,15,3,5930.2
0,1,0,0,1,0,0,0,0,4,1,15,3,5407.2
0,1,0,0,1,0,0,0,0,1,2,15,3,8211.2
0,1,0,0,1,0,0,0,0,2,2,15,3,6622.4
0,1,0,0,1,0,0,0,0,3,2,15,3,5908.4
0,1,0,0,1,0,0,0,0,4,2,15,3,5628.4
0,1,0,0,1,0,0,0,0,1,0,0,6,8351.8
0,1,0,0,1,0,0,0,0,2,0,0,6,6492.6
0,1,0,0,1,0,0,0,0,3,0,0,6,5806.8
0,1,0,0,1,0,0,0,0,4,0,0,6,5440.6
0,1,0,0,1,0,0,0,0,1,1,0,6,8289.8
0,1,0,0,1,0,0,0,0,2,1,0,6,6461.4
0,1,0,0,1,0,0,0,0,3,1,0,6,6042.2
0,1,0,0,1,0,0,0,0,4,1,0,6,5618
0,1,0,0,1,0,0,0,0,1,2,0,6,8228.2
0,1,0,0,1,0,0,0,0,2,2,0,6,6313.8
0,1,0,0,1,0,0,0,0,3,2,0,6,5748
0,1,0,0,1,0,0,0,0,4,2,0,6,5650
0,1,0,0,1,0,0,0,0,1,0,5,6,8309.2
0,1,0,0,1,0,0,0,0,2,0,5,6,6560.4
0,1,0,0,1,0,0,0,0,3,0,5,6,5920
0,1,0,0,1,0,0,0,0,4,0,5,6,5373.2
0,1,0,0,1,0,0,0,0,1,1,5,6,8384.8
0,1,0,0,1,0,0,0,0,2,1,5,6,6498.4
0,1,0,0,1,0,0,0,0,3,1,5,6,5951.6
0,1,0,0,1,0,0,0,0,4,1,5,6,5616.2
0,1,0,0,1,0,0,0,0,1,2,5,6,8187
0,1,0,0,1,0,0,0,0,2,2,5,6,6337.6
0,1,0,0,1,0,0,0,0,3,2,5,6,5841.2
0,1,0,0,1,0,0,0,0,4,2,5,6,5621
0,1,0,0,1,0,0,0,0,1,0,15,6,8221
0,1,0,0,1,0,0,0,0,2,0,15,6,6510
0,1,0,0,1,0,0,0,0,3,0,15,6,6058.2
0,1,0,0,1,0,0,0,0,4,0,15,6,5579.8
0,1,0,0,1,0,0,0,0,1,1,15,6,8182.4
0,1,0,0,1,0,0,0,0,2,1,15,6,6422.8
0,1,0,0,1,0,0,0,0,3,1,15,6,6043.2
0,1,0,0,1,0,0,0,0,4,1,15,6,5449.8
0,1,0,0,1,0,0,0,0,1,2,15,6,8263.4
0,1,0,0,1,0,0,0,0,2,2,15,6,6338.4
0,1,0,0,1,0,0,0,0,3,2,15,6,5988.2
0,1,0,0,1,0,0,0,0,4,2,15,6,5714.6
0,1,0,0,1,0,0,0,1,1,0,0,0,8365.8
0,1,0,0,1,0,0,0,1,2,0,0,0,6389
0,1,0,0,1,0,0,0,1,3,0,0,0,5890
0,1,0,0,1,0,0,0,1,4,0,0,0,5479.4
0,1,0,0,1,0,0,0,1,1,1,0,0,8313.8
0,1,0,0,1,0,0,0,1,2,1,0,0,6515.6
0,1,0,0,1,0,0,0,1,3,1,0,0,5801.2
0,1,0,0,1,0,0,0,1,4,1,0,0,5435.2
0,1,0,0,1,0,0,0,1,1,2,0,0,8316
0,1,0,0,1,0,0,0,1,2,2,0,0,6486.2
0,1,0,0,1,0,0,0,1,3,2,0,0,5961.8
0,1,0,0,1,0,0,0,1,4,2,0,0,5574.4
0,1,0,0,1,0,0,0,1,1,0,5,0,8206
0,1,0,0,1,0,0,0,1,2,0,5,0,6468
0,1,0,0,1,0,0,0,1,3,0,5,0,5871.2
0,1,0,0,1,0,0,0,1,4,0,5,0,5639
0,1,0,0,1,0,0,0,1,1,1,5,0,8289.8
0,1,0,0,1,0,0,0,1,2,1,5,0,6504.6
0,1,0,0,1,0,0,0,1,3,1,5,0,5973
0,1,0,0,1,0,0,0,1,4,1,5,0,5511
0,1,0,0,1,0,0,0,1,1,2,5,0,8355.6
0,1,0,0,1,0,0,0,1,2,2,5,0,6401
0,1,0,0,1,0,0,0,1,3,2,5,0,5859.8
0,1,0,0,1,0,0,0,1,4,2,5,0,5599.6
0,1,0,0,1,0,0,0,1,1,0,15,0,8308.2
0,1,0,0,1,0,0,0,1,2,0,15,0,6461.8
0,1,0,0,1,0,0,0,1,3,0,15,0,6073.2
0,1,0,0,1,0,0,0,1,4,0,15,0,5853
0,1,0,0,1,0,0,0,1,1,1,15,0,8386.6
0,1,0,0,1,0,0,0,1,2,1,15,0,6252.8
0,1,0,0,1,0,0,0,1,3,1,15,0,5856.2
0,1,0,0,1,0,0,0,1,4,1,15,0,5593.2
0,1,0,0,1,0,0,0,1,1,2,15,0,8318.8
0,1,0,0,1,0,0,0,1,2,2,15,0,6425
0,1,0,0,1,0,0,0,1,3,2,15,0,6109
0,1,0,0,1,0,0,0,1,4,2,15,0,5433.4
0,1,0,0,1,0,0,0,1,1,0,0,3,8257
0,1,0,0,1,0,0,0,1,2,0,0,3,6462.8
0,1,0,0,1,0,0,0,1,3,0,0,3,5958
0,1,0,0,1,0,0,0,1,4,0,0,3,5339.2
0,1,0,0,1,0,0,0,1,1,1,0,3,8323.2
0,1,0,0,1,0,0,0,1,2,1,0,3,6550.6
0,1,0,0,1,0,0,0,1,3,1,0,3,5851.8
0,1,0,0,1,0,0,0,1,4,1,0,3,5636.8
0,1,0,0,1,0,0,0,1,1,2,0,3,8336.6
0,1,0,0,1,0,0,0,1,2,2,0,3,6448.2
0,1,0,0,1,0,0,0,1,3,2,0,3,6051
0,1,0,0,1,0,0,0,1,4,2,0,3,5687.4
0,1,0,0,1,0,0,0,1,1,0,5,3,8277.8
0,1,0,0,1,0,0,0,1,2,0,5,3,6430.6
0,1,0,0,1,0,0,0,1,3,0,5,3,5895.2
0,1,0,0,1,0,0,0,1,4,0,5,3,5416.6
0,1,0,0,1,0,0,0,1,1,1,5,3,8410.4
0,1,0,0,1,0,0,0,1,2,1,5,3,6473
0,1,0,0,1,0,0,0,1,3,1,5,3,5849.8
0,1,0,0,1,0,0,0,1,4,1,5,3,5562.2
0,1,0,0,1,0,0,0,1,1,2,5,3,8265
0,1,0,0,1,0,0,0,1,2,2,5,3,6475.4
0,1,0,0,1,0,0,0,1,3,2,5,3,6003.8
0,1,0,0,1,0,0,0,1,4,2,5,3,5724.2
0,1,0,0,1,0,0,0,1,1,0,15,3,8250.2
0,1,0,0,1,0,0,0,1,2,0,15,3,6409
0,1,0,0,1,0,0,0,1,3,0,15,3,5704.6
0,1,0,0,1,0,0,0,1,4,0,15,3,5577.8
0,1,0,0,1,0,0,0,1,1,1,15,3,8366
0,1,0,0,1,0,0,0,1,2,1,15,3,6692
0,1,0,0,1,0,0,0,1,3,1,15,3,5879.2
0,1,0,0,1,0,0,0,1,4,1,15,3,5720.8
0,1,0,0,1,0,0,0,1,1,2,15,3,8190
0,1,0,0,1,0,0,0,1,2,2,15,3,6406.8
0,1,0,0,1,0,0,0,1,3,2,15,3,5934.2
0,1,0,0,1,0,0,0,1,4,2,15,3,5602
0,1,0,0,1,0,0,0,1,1,0,0,6,8265.6
0,1,0,0,1,0,0,0,1,2,0,0,6,6519
0,1,0,0,1,0,0,0,1,3,0,0,6,5822.6
0,1,0,0,1,0,0,0,1,4,0,0,6,5653
0,1,0,0,1,0,0,0,1,1,1,0,6,8209.6
0,1,0,0,1,0,0,0,1,2,1,0,6,6547.4
0,1,0,0,1,0,0,0,1,3,1,0,6,5829.6
0,1,0,0,1,0,0,0,1,4,1,0,6,5697.2
0,1,0,0,1,0,0,0,1,1,2,0,6,8211.8
0,1,0,0,1,0,0,0,1,2,2,0,6,6350.4
0,1,0,0,1,0,0,0,1,3,2,0,6,6017.4
0,1,0,0,1,0,0,0,1,4,2,0,6,5700
0,1,0,0,1,0,0,0,1,1,0,5,6,8104
0,1,0,0,1,0,0,0,1,2,0,5,6,6552.2
0,1,0,0,1,0,0,0,1,3,0,5,6,5856.6
0,1,0,0,1,0,0,0,1,4,0,5,6,5649
0,1,0,0,1,0,0,0,1,1,1,5,6,8302.2
0,1,0,0,1,0,0,0,1,2,1,5,6,6516.8
0,1,0,0,1,0,0,0,1,3,1,5,6,5841.6
0,1,0,0,1,0,0,0,1,4,1,5,6,5729.2
0,1,0,0,1,0,0,0,1,1,2,5,6,8261
0,1,0,0,1,0,0,0,1,2,2,5,6,6479
0,1,0,0,1,0,0,0,1,3,2,5,6,5810.8
0,1,0,0,1,0,0,0,1,4,2,5,6,5806.2
0,1,0,0,1,0,0,0,1,1,0,15,6,8303.4
0,1,0,0,1,0,0,0,1,2,0,15,6,6576.8
0,1,0,0,1,0,0,0,1,3,0,15,6,5778.8
0,1,0,0,1,0,0,0,1,4,0,15,6,5595
0,1,0,0,1,0,0,0,1,1,1,15,6,8246.8
0,1,0,0,1,0,0,0,1,2,1,15,6,6393.8
0,1,0,0,1,0,0,0,1,3,1,15,6,5911.6
0,1,0,0,1,0,0,0,1,4,1,15,6,5402
0,1,0,0,1,0,0,0,1,1,2,15,6,8283.8
0,1,0,0,1,0,0,0,1,2,2,15,6,6677.8
0,1,0,0,1,0,0,0,1,3,2,15,6,5828.4
0,1,0,0,1,0,0,0,1,4,2,15,6,5624.2
0,1,0,0,1,1,0,0,0,1,0,0,0,7938.6
0,1,0,0,1,1,0,0,0,2,0,0,0,6292
0,1,0,0,1,1,0,0,0,3,0,0,0,5820.4
0,1,0,0,1,1,0,0,0,4,0,0,0,5665.2
0,1,0,0,1,1,0,0,0,1,1,0,0,8001.4
0,1,0,0,1,1,0,0,0,2,1,0,0,6408.8
0,1,0,0,1,1,0,0,0,3,1,0,0,5832.2
0,1,0,0,1,1,0,0,0,4,1,0,0,5477
0,1,0,0,1,1,0,0,0,1,2,0,0,7964.6
0,1,0,0,1,1,0,0,0,2,2,0,0,6294.4
0,1,0,0,1,1,0,0,0,3,2,0,0,5866.2
0,1,0,0,1,1,0,0,0,4,2,0,0,5394.4
0,1,0,0,1,1,0,0,0,1,0,5,0,7836.2
0,1,0,0,1,1,0,0,0,2,0,5,0,6293.6
0,1,0,0,1,1,0,0,0,3,0,5,0,5866.4
0,1,0,0,1,1,0,0,0,4,0,5,0,5640.2
0,1,0,0,1,1,0,0,0,1,1,5,0,7921
0,1,0,0,1,1,0,0,0,2,1,5,0,6549.6
0,1,0,0,1,1,0,0,0,3,1,5,0,5735.4
0,1,0,0,1,1,0,0,0,4,1,5,0,5420.6
0,1,0,0,1,1,0,0,0,1,2,5,0,8037.8
0,1,0,0,1,1,0,0,0,2,2,5,0,6338.2
0,1,0,0,1,1,0,0,0,3,2,5,0,5653
0,1,0,0,1,1,0,0,0,4,2,5,0,5491.8
0,1,0,0,1,1,0,0,0,1,0,15,0,7986.2
0,1,0,0,1,1,0,0,0,2,0,15,0,6175
0,1,0,0,1,1,0,0,0,3,0,15,0,5510.2
0,1,0,0,1,1,0,0,0,4,0,15,0,5412.6
0,1,0,0,1,1,0,0,0,1,1,15,0,7677.8
0,1,0,0,1,1,0,0,0,2,1,15,0,6455.8
0,1,0,0,1,1,0,0,0,3,1,15,0,5718.2
0,1,0,0,1,1,0,0,0,4,1,15,0,5431
0,1,0,0,1,1,0,0,0,1,2,15,0,7949.6
0,1,0,0,1,1,0,0,0,2,2,15,0,6370.8
0,1,0,0,1,1,0,0,0,3,2,15,0,5617.8
0,1,0,0,1,1,0,0,0,4,2,15,0,5479
0,1,0,0,1,1,0,0,0,1,0,0,3,7824.4
0,1,0,0,1,1,0,0,0,2,0,0,3,6315.8
0,1,0,0,1,1,0,0,0,3,0,0,3,5563.4
0,1,0,0,1,1,0,0,0,4,0,0,3,5412.6
0,1,0,0,1,1,0,0,0,1,1,0,3,7970.6
0,1,0,0,1,1,0,0,0,2,1,0,3,6311.6
0,1,0,0,1,1,0,0,0,3,1,0,3,5701.8
0,1,0,0,1,1,0,0,0,4,1,0,3,5372.6
0,1,0,0,1,1,0,0,0,1,2,0,3,7998
0,1,0,0,1,1,0,0,0,2,2,0,3,6348
0,1,0,0,1,1,0,0,0,3,2,0,3,5620.2
0,1,0,0,1,1,0,0,0,4,2,0,3,5459
0,1,0,0,1,1,0,0,0,1,0,5,3,7855.4
0,1,0,0,1,1,0,0,0,2,0,5,3,6359.2
0,1,0,0,1,1,0,0,0,3,0,5,3,5844.4
0,1,0,0,1,1,0,0,0,4,0,5,3,5418.8
0,1,0,0,1,1,0,0,0,1,1,5,3,7859.4
0,1,0,0,1,1,0,0,0,2,1,5,3,6054.4
0,1,0,0,1,1,0,0,0,3,1,5,3,5669.6
0,1,0,0,1,1,0,0,0,4,1,5,3,5443.8
0,1,0,0,1,1,0,0,0,1,2,5,3,7910
0,1,0,0,1,1,0,0,0,2,2,5,3,6452.6
0,1,0,0,1,1,0,0,0,3,2,5,3,5541
0,1,0,0,1,1,0,0,0,4,2,5,3,5218.2
0,1,0,0,1,1,0,0,0,1,0,15,3,7974.6
0,1,0,0,1,1,0,0,0,2,0,15,3,6098.2
0,1,0,0,1,1,0,0,0,3,0,15,3,5657.4
0,1,0,0,1,1,0,0,0,4,0,15,3,5289.8
0,1,0,0,1,1,0,0,0,1,1,15,3,7813.6
0,1,0,0,1,1,0,0,0,2,1,15,3,6306.2
0,1,0,0,1,1,0,0,0,3,1,15,3,5722.2
0,1,0,0,1,1,0,0,0,4,1,15,3,5460.8
0,1,0,0,1,1,0,0,0,1,2,15,3,8003.8
0,1,0,0,1,1,0,0,0,2,2,15,3,6354.2
0,1,0,0,1,1,0,0,0,3,2,15,3,5759.4
0,1,0,0,1,1,0,0,0,4,2,15,3,5482.4
0,1,0,0,1,1,0,0,0,1,0,0,6,7874.6
0,1,0,0,1,1,0,0,0,2,0,0,6,6240.6
0,1,0,0,1,1,0,0,0,3,0,0,6,5835
0,1,0,0,1,1,0,0,0,4,0,0,6,5499.6
0,1,0,0,1,1,0,0,0,1,1,0,6,8059.8
0,1,0,0,1,1,0,0,0,2,1,0,6,6326.8
0,1,0,0,1,1,0,0,0,3,1,0,6,5773.8
0,1,0,0,1,1,0,0,0,4,1,0,6,5512.2
0,1,0,0,1,1,0,0,0,1,2,0,6,7880.2
0,1,0,0,1,1,0,0,0,2,2,0,6,6272.4
0,1,0,0,1,1,0,0,0,3,2,0,6,5685.4
0,1,0,0,1,1,0,0,0,4,2,0,6,5456
0,1,0,0,1,1,0,0,0,1,0,5,6,7914
0,1,0,0,1,1,0,0,0,2,0,5,6,6284.8
0,1,0,0,1,1,0,0,0,3,0,5,6,5666.4
0,1,0,0,1,1,0,0,0,4,0,5,6,5457.6
0,1,0,0,1,1,0,0,0,1,1,5,6,7924.8
0,1,0,0,1,1,0,0,0,2,1,5,6,6246
0,1,0,0,1,1,0,0,0,3,1,5,6,5726
0,1,0,0,1,1,0,0,0,4,1,5,6,5469.6
0,1,0,0,1,1,0,0,0,1,2,5,6,7891.6
0,1,0,0,1,1,0,0,0,2,2,5,6,6334
0,1,0,0,1,1,0,0,0,3,2,5,6,5609.8
0,1,0,0,1,1,0,0,0,4,2,5,6,5251.2
0,1,0,0,1,1,0,0,0,1,0,15,6,7957.6
0,1,0,0,1,1,0,0,0,2,0,15,6,6361
0,1,0,0,1,1,0,0,0,3,0,15,6,5633.2
0,1,0,0,1,1,0,0,0,4,0,15,6,5739.6
0,1,0,0,1,1,0,0,0,1,1,15,6,7771.4
0,1,0,0,1,1,0,0,0,2,1,15,6,6344.2
0,1,0,0,1,1,0,0,0,3,1,15,6,5736
0,1,0,0,1,1,0,0,0,4,1,15,6,5496
0,1,0,0,1,1,0,0,0,1,2,15,6,7946.8
0,1,0,0,1,1,0,0,0,2,2,15,6,6360.4
0,1,0,0,1,1,0,0,0,3,2,15,6,5700.4
0,1,0,0,1,1,0,0,0,4,2,15,6,5346.2
0,1,0,0,1,1,0,0,1,1,0,0,0,7807.2
0,1,0,0,1,1,0,0,1,2,0,0,0,6338.6
0,1,0,0,1,1,0,0,1,3,0,0,0,5679.2
0,1,0,0,1,1,0,0,1,4,0,0,0,5224.6
0,1,0,0,1,1,0,0,1,1,1,0,0,7879.8
0,1,0,0,1,1,0,0,1,2,1,0,0,6310.8
0,1,0,0,1,1,0,0,1,3,1,0,0,5710.8
0,1,0,0,1,1,0,0,1,4,1,0,0,5385.4
0,1,0,0,1,1,0,0,1,1,2,0,0,7896
0,1,0,0,1,1,0,0,1,2,2,0,0,6118.6
0,1,0,0,1,1,0,0,1,3,2,0,0,5451.6
0,1,0,0,1,1,0,0,1,4,2,0,0,5465.2
0,1,0,0,1,1,0,0,1,1,0,5,0,7926.6
0,1,0,0,1,1,0,0,1,2,0,5,0,6260.4
0,1,0,0,1,1,0,0,1,3,0,5,0,5818.4
0,1,0,0,1,1,0,0,1,4,0,5,0,5499.4
0,1,0,0,1,1,0,0,1,1,1,5,0,7832.2
0,1,0,0,1,1,0,0,1,2,1,5,0,6471.2
0,1,0,0,1,1,0,0,1,3,1,5,0,5841.8
0,1,0,0,1,1,0,0,1,4,1,5,0,5538.4
0,1,0,0,1,1,0,0,1,1,2,5,0,7892.8
0,1,0,0,1,1,0,0,1,2,2,5,0,6398.6
0,1,0,0,1,1,0,0,1,3,2,5,0,5618.2
0,1,0,0,1,1,0,0,1,4,2,5,0,5370.8
0,1,0,0,1,1,0,0,1,1,0,15,0,7926.4
0,1,0,0,1,1,0,0,1,2,0,15,0,6189.4
0,1,0,0,1,1,0,0,1,3,0,15,0,5678.6
0,1,0,0,1,1,0,0,1,4,0,15,0,5429.6
0,1,0,0,1,1,0,0,1,1,1,15,0,7890.2
0,1,0,0,1,1,0,0,1,2,1,15,0,6281
0,1,0,0,1,1,0,0,1,3,1,15,0,5680
0,1,0,0,1,1,0,0,1,4,1,15,0,5406.8
0,1,0,0,1,1,0,0,1,1,2,15,0,7986.6
0,1,0,0,1,1,0,0,1,2,2,15,0,6237
0,1,0,0,1,1,0,0,1,3,2,15,0,5828.6
0,1,0,0,1,1,0,0,1,4,2,15,0,5456
0,1,0,0,1,1,0,0,1,1,0,0,3,7870
0,1,0,0,1,1,0,0,1,2,0,0,3,6418.6
0,1,0,0,1,1,0,0,1,3,0,0,3,5803.2
0,1,0,0,1,1,0,0,1,4,0,0,3,5936.2
0,1,0,0,1,1,0,0,1,1,1,0,3,7876.2
0,1,0,0,1,1,0,0,1,2,1,0,3,6292.4
0,1,0,0,1,1,0,0,1,3,1,0,3,5673.2
0,1,0,0,1,1,0,0,1,4,1,0,3,5448
0,1,0,0,1,1,0,0,1,1,2,0,3,8047.2
0,1,0,0,1,1,0,0,1,2,2,0,3,6442.6
0,1,0,0,1,1,0,0,1,3,2,0,3,5751.2
0,1,0,0,1,1,0,0,1,4,2,0,3,5356.4
0,1,0,0,1,1,0,0,1,1,0,5,3,7842.8
0,1,0,0,1,1,0,0,1,2,0,5,3,6140.8
0,1,0,0,1,1,0,0,1,3,0,5,3,5494
0,1,0,0,1,1,0,0,1,4,0,5,3,5437.4
0,1,0,0,1,1,0,0,1,1,1,5,3,7779.4
0,1,0,0,1,1,0,0,1,2,1,5,3,6313.4
0,1,0,0,1,1,0,0,1,3,1,5,3,5923.4
0,1,0,0,1,1,0,0,1,4,1,5,3,5461.4
0,1,0,0,1,1,0,0,1,1,2,5,3,7883.8
0,1,0,0,1,1,0,0,1,2,2,5,3,6185.4
0,1,0,0,1,1,0,0,1,3,2,5,3,5577.4
0,1,0,0,1,1,0,0,1,4,2,5,3,5206.2
0,1,0,0,1,1,0,0,1,1,0,15,3,7878.8
0,1,0,0,1,1,0,0,1,2,0,15,3,6363.2
0,1,0,0,1,1,0,0,1,3,0,15,3,5646.8
0,1,0,0,1,1,0,0,1,4,0,15,3,5601.6
0,1,0,0,1,1,0,0,1,1,1,15,3,7900.6
0,1,0,0,1,1,0,0,1,2,1,15,3,6348.8
0,1,0,0,1,1,0,0,1,3,1,15,3,5794
0,1,0,0,1,1,0,0,1,4,1,15,3,5239.8
0,1,0,0,1,1,0,0,1,1,2,15,3,7877.6
0,1,0,0,1,1,0,0,1,2,2,15,3,6357
0,1,0,0,1,1,0,0,1,3,2,15,3,5680.8
0,1,0,0,1,1,0,0,1,4,2,15,3,5345
0,1,0,0,1,1,0,0,1,1,0,0,6,7865.2
0,1,0,0,1,1,0,0,1,2,0,0,6,6260.8
0,1,0,0,1,1,0,0,1,3,0,0,6,5827
0,1,0,0,1,1,0,0,1,4,0,0,6,5567.4
0,1,0,0,1,1,0,0,1,1,1,0,6,7879.4
0,1,0,0,1,1,0,0,1,2,1,0,6,6257.2
0,1,0,0,1,1,0,0,1,3,1,0,6,5963.8
0,1,0,0,1,1,0,0,1,4,1,0,6,5563.6
0,1,0,0,1,1,0,0,1,1,2,0,6,7974.4
0,1,0,0,1,1,0,0,1,2,2,0,6,6373.6
0,1,0,0,1,1,0,0,1,3,2,0,6,5744.8
0,1,0,0,1,1,0,0,1,4,2,0,6,5415
0,1,0,0,1,1,0,0,1,1,0,5,6,7983
0,1,0,0,1,1,0,0,1,2,0,5,6,6270.4
0,1,0,0,1,1,0,0,1,3,0,5,6,5749.8
0,1,0,0,1,1,0,0,1,4,0,5,6,5385.4
0,1,0,0,1,1,0,0,1,1,1,5,6,7874.2
0,1,0,0,1,1,0,0,1,2,1,5,6,6362
0,1,0,0,1,1,0,0,1,3,1,5,6,5716.8
0,1,0,0,1,1,0,0,1,4,1,5,6,5419.8
0,1,0,0,1,1,0,0,1,1,2,5,6,7943
0,1,0,0,1,1,0,0,1,2,2,5,6,6376.2
0,1,0,0,1,1,0,0,1,3,2,5,6,5572.2
0,1,0,0,1,1,0,0,1,4,2,5,6,5409.2
0,1,0,0,1,1,0,0,1,1,0,15,6,7877.6
0,1,0,0,1,1,0,0,1,2,0,15,6,6311.8
0,1,0,0,1,1,0,0,1,3,0,15,6,5484.8
0,1,0,0,1,1,0,0,1,4,0,15,6,5615.8
0,1,0,0,1,1,0,0,1,1,1,15,6,7857.8
0,1,0,0,1,1,0,0,1,2,1,15,6,6351
0,1,0,0,1,1,0,0,1,3,1,15,6,5779.8
0,1,0,0,1,1,0,0,1,4,1,15,6,5429.6
0,1,0,0,1,1,0,0,1,1,2,15,6,8081.6
0,1,0,0,1,1,0,0,1,2,2,15,6,6412.2
0,1,0,0,1,1,0,0,1,3,2,15,6,5424
0,1,0,0,1,1,0,0,1,4,2,15,6,5380.2
0,1,0,1,0,0,0,0,0,1,0,0,0,44692.2
0,1,0,1,0,0,0,0,0,2,0,0,0,25137.4
0,1,0,1,0,0,0,0,0,3,0,0,0,19557.8
0,1,0,1,0,0,0,0,0,4,0,0,0,16519.6
0,1,0,1,0,0,0,0,0,1,1,0,0,45447.8
0,1,0,1,0,0,0,0,0,2,1,0,0,25476.4
0,1,0,1,0,0,0,0,0,3,1,0,0,19372.8
0,1,0,1,0,0,0,0,0,4,1,0,0,16250.8
0,1,0,1,0,0,0,0,0,1,2,0,0,44889.2
0,1,0,1,0,0,0,0,0,2,2,0,0,25623.8
0,1,0,1,0,0,0,0,0,3,2,0,0,19510
0,1,0,1,0,0,0,0,0,4,2,0,0,16378.6
0,1,0,1,0,0,0,0,0,1,0,5,0,44718.8
0,1,0,1,0,0,0,0,0,2,0,5,0,25460.8
0,1,0,1,0,0,0,0,0,3,0,5,0,19362
0,1,0,1,0,0,0,0,0,4,0,5,0,16462
0,1,0,1,0,0,0,0,0,1,1,5,0,45337
0,1,0,1,0,0,0,0,0,2,1,5,0,25516.2
0,1,0,1,0,0,0,0,0,3,1,5,0,19303.6
0,1,0,1,0,0,0,0,0,4,1,5,0,16315.2
0,1,0,1,0,0,0,0,0,1,2,5,0,44417.2
0,1,0,1,0,0,0,0,0,2,2,5,0,25475
0,1,0,1,0,0,0,0,0,3,2,5,0,19546.2
0,1,0,1,0,0,0,0,0,4,2,5,0,15788.4
0,1,0,1,0,0,0,0,0,1,0,15,0,44590.2
0,1,0,1,0,0,0,0,0,2,0,15,0,25516.4
0,1,0,1,0,0,0,0,0,3,0,15,0,19445.4
0,1,0,1,0,0,0,0,0,4,0,15,0,16442.8
0,1,0,1,0,0,0,0,0,1,1,15,0,45357.2
0,1,0,1,0,0,0,0,0,2,1,15,0,25469
0,1,0,1,0,0,0,0,0,3,1,15,0,19455.2
0,1,0,1,0,0,0,0,0,4,1,15,0,16238.8
0,1,0,1,0,0,0,0,0,1,2,15,0,44824.6
0,1,0,1,0,0,0,0,0,2,2,15,0,25501.4
0,1,0,1,0,0,0,0,0,3,2,15,0,19524.6
0,1,0,1,0,0,0,0,0,4,2,15,0,16236.8
0,1,0,1,0,0,0,0,0,1,0,0,3,44631.8
0,1,0,1,0,0,0,0,0,2,0,0,3,25492.2
0,1,0,1,0,0,0,0,0,3,0,0,3,19462.6
0,1,0,1,0,0,0,0,0,4,0,0,3,16448
0,1,0,1,0,0,0,0,0,1,1,0,3,45312.2
0,1,0,1,0,0,0,0,0,2,1,0,3,25494.2
0,1,0,1,0,0,0,0,0,3,1,0,3,18914.2
0,1,0,1,0,0,0,0,0,4,1,0,3,16225.8
0,1,0,1,0,0,0,0,0,1,2,0,3,44860
0,1,0,1,0,0,0,0,0,2,2,0,3,25595.2
0,1,0,1,0,0,0,0,0,3,2,0,3,18992.2
0,1,0,1,0,0,0,0,0,4,2,0,3,15822.2
0,1,0,1,0,0,0,0,0,1,0,5,3,44706.2
0,1,0,1,0,0,0,0,0,2,0,5,3,25616.8
0,1,0,1,0,0,0,0,0,3,0,5,3,19434
0,1,0,1,0,0,0,0,0,4,0,5,3,15925.6
0,1,0,1,0,0,0,0,0,1,1,5,3,45353.6
0,1,0,1,0,0,0,0,0,2,1,5,3,25359.4
0,1,0,1,0,0,0,0,0,3,1,5,3,19369.6
0,1,0,1,0,0,0,0,0,4,1,5,3,16284.6
0,1,0,1,0,0,0,0,0,1,2,5,3,44962.6
0,1,0,1,0,0,0,0,0,2,2,5,3,25516
0,1,0,1,0,0,0,0,0,3,2,5,3,19499.8
0,1,0,1,0,0,0,0,0,4,2,5,3,15704.8
0,1,0,1,0,0,0,0,0,1,0,15,3,44631
0,1,0,1,0,0,0,0,0,2,0,15,3,25135.8
0,1,0,1,0,0,0,0,0,3,0,15,3,19399
0,1,0,1,0,0,0,0,0,4,0,15,3,16424.8
0,1,0,1,0,0,0,0,0,1,1,15,3,45241.6
0,1,0,1,0,0,0,0,0,2,1,15,3,25470.2
0,1,0,1,0,0,0,0,0,3,1,15,3,19259.8
0,1,0,1,0,0,0,0,0,4,1,15,3,16289.6
0,1,0,1,0,0,0,0,0,1,2,15,3,44976.2
0,1,0,1,0,0,0,0,0,2,2,15,3,25515.2
0,1,0,1,0,0,0,0,0,3,2,15,3,19604.2
0,1,0,1,0,0,0,0,0,4,2,15,3,16282.2
0,1,0,1,0,0,0,0,0,1,0,0,6,44624
0,1,0,1,0,0,0,0,0,2,0,0,6,25604.8
0,1,0,1,0,0,0,0,0,3,0,0,6,19465.6
0,1,0,1,0,0,0,0,0,4,0,0,6,16516.2
0,1,0,1,0,0,0,0,0,1,1,0,6,45391
0,1,0,1,0,0,0,0,0,2,1,0,6,25378
0,1,0,1,0,0,0,0,0,3,1,0,6,19330.6
0,1,0,1,0,0,0,0,0,4,1,0,6,16266.8
0,1,0,1,0,0,0,0,0,1,2,0,6,44893.6
0,1,0,1,0,0,0,0,0,2,2,0,6,25636.8
0,1,0,1,0,0,0,0,0,3,2,0,6,19599.2
0,1,0,1,0,0,0,0,0,4,2,0,6,16336
0,1,0,1,0,0,0,0,0,1,0,5,6,44530.8
0,1,0,1,0,0,0,0,0,2,0,5,6,25518
0,1,0,1,0,0,0,0,0,3,0,5,6,19499
0,1,0,1,0,0,0,0,0,4,0,5,6,16037.2
0,1,0,1,0,0,0,0,0,1,1,5,6,45385.4
0,1,0,1,0,0,0,0,0,2,1,5,6,25631.4
0,1,0,1,0,0,0,0,0,3,1,5,6,19308.2
0,1,0,1,0,0,0,0,0,4,1,5,6,16242.4
0,1,0,1,0,0,0,0,0,1,2,5,6,44931.2
0,1,0,1,0,0,0,0,0,2,2,5,6,25534.4
0,1,0,1,0,0,0,0,0,3,2,5,6,19479
0,1,0,1,0,0,0,0,0,4,2,5,6,16296.2
0,1,0,1,0,0,0,0,0,1,0,15,6,44593
0,1,0,1,0,0,0,0,0,2,0,15,6,25585
0,1,0,1,0,0,0,0,0,3,0,15,6,19378.4
0,1,0,1,0,0,0,0,0,4,0,15,6,16044.8
0,1,0,1,0,0,0,0,0,1,1,15,6,45253.6
0,1,0,1,0,0,0,0,0,2,1,15,6,25576
0,1,0,1,0,0,0,0,0,3,1,15,6,19351.2
0,1,0,1,0,0,0,0,0,4,1,15,6,16180.8
0,1,0,1,0,0,0,0,0,1,2,15,6,44929.6
0,1,0,1,0,0,0,0,0,2,2,15,6,25534
0,1,0,1,0,0,0,0,0,3,2,15,6,19606.8
0,1,0,1,0,0,0,0,0,4,2,15,6,16303.4
0,1,0,1,0,0,0,0,1,1,0,0,0,44732.6
0,1,0,1,0,0,0,0,1,2,0,0,0,25545.8
0,1,0,1,0,0,0,0,1,3,0,0,0,19401
0,1,0,1,0,0,0,0,1,4,0,0,0,16404.2
0,1,0,1,0,0,0,0,1,1,1,0,0,45463.6
0,1,0,1,0,0,0,0,1,2,1,0,0,25573.4
0,1,0,1,0,0,0,0,1,3,1,0,0,19279.4
0,1,0,1,0,0,0,0,1,4,1,0,0,16209
0,1,0,1,0,0,0,0,1,1,2,0,0,44343.2
0,1,0,1,0,0,0,0,1,2,2,0,0,25539.4
0,1,0,1,0,0,0,0,1,3,2,0,0,19520.6
0,1,0,1,0,0,0,0,1,4,2,0,0,15904.6
0,1,0,1,0,0,0,0,1,1,0,5,0,44657.6
0,1,0,1,0,0,0,0,1,2,0,5,0,25617.4
0,1,0,1,0,0,0,0,1,3,0,5,0,19616.2
0,1,0,1,0,0,0,0,1,4,0,5,0,16454.4
0,1,0,1,0,0,0,0,1,1,1,5,0,45430
0,1,0,1,0,0,0,0,1,2,1,5,0,25416.4
0,1,0,1,0,0,0,0,1,3,1,5,0,19379
0,1,0,1,0,0,0,0,1,4,1,5,0,16280.4
0,1,0,1,0,0,0,0,1,1,2,5,0,44951.4
0,1,0,1,0,0,0,0,1,2,2,5,0,25587.4
0,1,0,1,0,0,0,0,1,3,2,5,0,19562.2
0,1,0,1,0,0,0,0,1,4,2,5,0,16293.2
0,1,0,1,0,0,0,0,1,1,0,15,0,44644.4
0,1,0,1,0,0,0,0,1,2,0,15,0,25575.6
0,1,0,1,0,0,0,0,1,3,0,15,0,19419.4
0,1,0,1,0,0,0,0,1,4,0,15,0,16470.4
0,1,0,1,0,0,0,0,1,1,1,15,0,45347.2
0,1,0,1,0,0,0,0,1,2,1,15,0,25398.4
0,1,0,1,0,0,0,0,1,3,1,15,0,19297.2
0,1,0,1,0,0,0,0,1,4,1,15,0,16246.6
0,1,0,1,0,0,0,0,1,1,2,15,0,44905.8
0,1,0,1,0,0,0,0,1,2,2,15,0,25550.2
0,1,0,1,0,0,0,0,1,3,2,15,0,19557.6
0,1,0,1,0,0,0,0,1,4,2,15,0,16441
0,1,0,1,0,0,0,0,1,1,0,0,3,44760.4
0,1,0,1,0,0,0,0,1,2,0,0,3,25557.8
0,1,0,1,0,0,0,0,1,3,0,0,3,19410
0,1,0,1,0,0,0,0,1,4,0,0,3,16378
0,1,0,1,0,0,0,0,1,1,1,0,3,45468.6
0,1,0,1,0,0,0,0,1,2,1,0,3,25035.6
0,1,0,1,0,0,0,0,1,3,1,0,3,19291
0,1,0,1,0,0,0,0,1,4,1,0,3,16370
0,1,0,1,0,0,0,0,1,1,2,0,3,44917.4
0,1,0,1,0,0,0,0,1,2,2,0,3,25538.8
0,1,0,1,0,0,0,0,1,3,2,0,3,19516.2
0,1,0,1,0,0,0,0,1,4,2,0,3,16356.6
0,1,0,1,0,0,0,0,1,1,0,5,3,44653.4
0,1,0,1,0,0,0,0,1,2,0,5,3,25026.2
0,1,0,1,0,0,0,0,1,3,0,5,3,19474.6
0,1,0,1,0,0,0,0,1,4,0,5,3,16529.4
0,1,0,1,0,0,0,0,1,1,1,5,3,44860
0,1,0,1,0,0,0,0,1,2,1,5,3,25368.2
0,1,0,1,0,0,0,0,1,3,1,5,3,19327.4
0,1,0,1,0,0,0,0,1,4,1,5,3,15771.2
0,1,0,1,0,0,0,0,1,1,2,5,3,45024.4
0,1,0,1,0,0,0,0,1,2,2,5,3,25538.2
0,1,0,1,0,0,0,0,1,3,2,5,3,19495.8
0,1,0,1,0,0,0,0,1,4,2,5,3,16310.6
0,1,0,1,0,0,0,0,1,1,0,15,3,44650
0,1,0,1,0,0,0,0,1,2,0,15,3,25700
0,1,0,1,0,0,0,0,1,3,0,15,3,19407.2
0,1,0,1,0,0,0,0,1,4,0,15,3,15977.6
0,1,0,1,0,0,0,0,1,1,1,15,3,45360.6
0,1,0,1,0,0,0,0,1,2,1,15,3,25454.4
0,1,0,1,0,0,0,0,1,3,1,15,3,19272
0,1,0,1,0,0,0,0,1,4,1,15,3,16192
0,1,0,1,0,0,0,0,1,1,2,15,3,44929.4
0,1,0,1,0,0,0,0,1,2,2,15,3,25420.2
0,1,0,1,0,0,0,0,1,3,2,15,3,19553.4
0,1,0,1,0,0,0,0,1,4,2,15,3,16228.2
0,1,0,1,0,0,0,0,1,1,0,0,6,44852.6
0,1,0,1,0,0,0,0,1,2,0,0,6,25531.8
0,1,0,1,0,0,0,0,1,3,0,0,6,19410.8
0,1,0,1,0,0,0,0,1,4,0,0,6,16386.4
0,1,0,1,0,0,0,0,1,1,1,0,6,44775.6
0,1,0,1,0,0,0,0,1,2,1,0,6,24868.2
0,1,0,1,0,0,0,0,1,3,1,0,6,19305.8
0,1,0,1,0,0,0,0,1,4,1,0,6,16240.4
0,1,0,1,0,0,0,0,1,1,2,0,6,44905.2
0,1,0,1,0,0,0,0,1,2,2,0,6,25564.8
0,1,0,1,0,0,0,0,1,3,2,0,6,19169.8
0,1,0,1,0,0,0,0,1,4,2,0,6,16242.6
0,1,0,1,0,0,0,0,1,1,0,5,6,44692.6
0,1,0,1,0,0,0,0,1,2,0,5,6,25576
0,1,0,1,0,0,0,0,1,3,0,5,6,19057.2
0,1,0,1,0,0,0,0,1,4,0,5,6,16463.8
0,1,0,1,0,0,0,0,1,1,1,5,6,45373.8
0,1,0,1,0,0,0,0,1,2,1,5,6,25432.8
0,1,0,1,0,0,0,0,1,3,1,5,6,19270.6
0,1,0,1,0,0,0,0,1,4,1,5,6,16353.8
0,1,0,1,0,0,0,0,1,1,2,5,6,44944.4
0,1,0,1,0,0,0,0,1,2,2,5,6,25529.2
0,1,0,1,0,0,0,0,1,3,2,5,6,19568.8
0,1,0,1,0,0,0,0,1,4,2,5,6,16249.2
0,1,0,1,0,0,0,0,1,1,0,15,6,44676
0,1,0,1,0,0,0,0,1,2,0,15,6,25660.2
0,1,0,1,0,0,0,0,1,3,0,15,6,19472.2
0,1,0,1,0,0,0,0,1,4,0,15,6,16480.8
0,1,0,1,0,0,0,0,1,1,1,15,6,45373.8
0,1,0,1,0,0,0,0,1,2,1,15,6,25452.4
0,1,0,1,0,0,0,0,1,3,1,15,6,19390.8
0,1,0,1,0,0,0,0,1,4,1,15,6,16306.8
0,1,0,1,0,0,0,0,1,1,2,15,6,44912.8
0,1,0,1,0,0,0,0,1,2,2,15,6,25651.4
0,1,0,1,0,0,0,0,1,3,2,15,6,19466.4
0,1,0,1,0,0,0,0,1,4,2,15,6,16257
0,1,0,1,0,1,0,0,0,1,0,0,0,40154
0,1,0,1,0,1,0,0,0,2,0,0,0,22303.4
0,1,0,1,0,1,0,0,0,3,0,0,0,17736
0,1,0,1,0,1,0,0,0,4,0,0,0,13970.6
0,1,0,1,0,1,0,0,0,1,1,0,0,41675.8
0,1,0,1,0,1,0,0,0,2,1,0,0,22188.2
0,1,0,1,0,1,0,0,0,3,1,0,0,16878.6
0,1,0,1,0,1,0,0,0,4,1,0,0,13789.4
0,1,0,1,0,1,0,0,0,1,2,0,0,39443.4
0,1,0,1,0,1,0,0,0,2,2,0,0,22201.4
0,1,0,1,0,1,0,0,0,3,2,0,0,17121
0,1,0,1,0,1,0,0,0,4,2,0,0,14279.6
0,1,0,1,0,1,0,0,0,1,0,5,0,40113
0,1,0,1,0,1,0,0,0,2,0,5,0,22352.4
0,1,0,1,0,1,0,0,0,3,0,5,0,17816.6
0,1,0,1,0,1,0,0,0,4,0,5,0,14062.8
0,1,0,1,0,1,0,0,0,1,1,5,0,41577.2
0,1,0,1,0,1,0,0,0,2,1,5,0,22253.6
0,1,0,1,0,1,0,0,0,3,1,5,0,16823
0,1,0,1,0,1,0,0,0,4,1,5,0,14236.2
0,1,0,1,0,1,0,0,0,1,2,5,0,39452.6
0,1,0,1,0,1,0,0,0,2,2,5,0,22218.8
0,1,0,1,0,1,0,0,0,3,2,5,0,16851.8
0,1,0,1,0,1,0,0,0,4,2,5,0,14251.8
0,1,0,1,0,1,0,0,0,1,0,15,0,40251
0,1,0,1,0,1,0,0,0,2,0,15,0,21919.6
0,1,0,1,0,1,0,0,0,3,0,15,0,17664.8
0,1,0,1,0,1,0,0,0,4,0,15,0,14281.2
0,1,0,1,0,1,0,0,0,1,1,15,0,41620.8
0,1,0,1,0,1,0,0,0,2,1,15,0,22300.4
0,1,0,1,0,1,0,0,0,3,1,15,0,16397.6
0,1,0,1,0,1,0,0,0,4,1,15,0,14162.8
0,1,0,1,0,1,0,0,0,1,2,15,0,39495.2
0,1,0,1,0,1,0,0,0,2,2,15,0,21907
0,1,0,1,0,1,0,0,0,3,2,15,0,17291.4
0,1,0,1,0,1,0,0,0,4,2,15,0,14320.6
0,1,0,1,0,1,0,0,0,1,0,0,3,40182.4
0,1,0,1,0,1,0,0,0,2,0,0,3,22419.4
0,1,0,1,0,1,0,0,0,3,0,0,3,17887
0,1,0,1,0,1,0,0,0,4,0,0,3,14027.2
0,1,0,1,0,1,0,0,0,1,1,0,3,41586.4
0,1,0,1,0,1,0,0,0,2,1,0,3,22267
0,1,0,1,0,1,0,0,0,3,1,0,3,16886.8
0,1,0,1,0,1,0,0,0,4,1,0,3,14242.6
0,1,0,1,0,1,0,0,0,1,2,0,3,39393.4
0,1,0,1,0,1,0,0,0,2,2,0,3,22197
0,1,0,1,0,1,0,0,0,3,2,0,3,17298.8
0,1,0,1,0,1,0,0,0,4,2,0,3,14360.8
0,1,0,1,0,1,0,0,0,1,0,5,3,39590.4
0,1,0,1,0,1,0,0,0,2,0,5,3,22274.8
0,1,0,1,0,1,0,0,0,3,0,5,3,17790
0,1,0,1,0,1,0,0,0,4,0,5,3,14052.4
0,1,0,1,0,1,0,0,0,1,1,5,3,41539.4
0,1,0,1,0,1,0,0,0,2,1,5,3,22247.6
0,1,0,1,0,1,0,0,0,3,1,5,3,16895.6
0,1,0,1,0,1,0,0,0,4,1,5,3,13762.8
0,1,0,1,0,1,0,0,0,1,2,5,3,39603
0,1,0,1,0,1,0,0,0,2,2,5,3,22276.2
0,1,0,1,0,1,0,0,0,3,2,5,3,17300.8
0,1,0,1,0,1,0,0,0,4,2,5,3,14260.8
0,1,0,1,0,1,0,0,0,1,0,15,3,40173.8
0,1,0,1,0,1,0,0,0,2,0,15,3,21969.6
0,1,0,1,0,1,0,0,0,3,0,15,3,17200
0,1,0,1,0,1,0,0,0,4,0,15,3,13993.8
0,1,0,1,0,1,0,0,0,1,1,15,3,41425.2
0,1,0,1,0,1,0,0,0,2,1,15,3,21813.4
0,1,0,1,0,1,0,0,0,3,1,15,3,16980.4
0,1,0,1,0,1,0,0,0,4,1,15,3,14115.2
0,1,0,1,0,1,0,0,0,1,2,15,3,39437.6
0,1,0,1,0,1,0,0,0,2,2,15,3,22159.2
0,1,0,1,0,1,0,0,0,3,2,15,3,17243
0,1,0,1,0,1,0,0,0,4,2,15,3,14247.2
0,1,0,1,0,1,0,0,0,1,0,0,6,40238
0,1,0,1,0,1,0,0,0,2,0,0,6,22251
0,1,0,1,0,1,0,0,0,3,0,0,6,17818.2
0,1,0,1,0,1,0,0,0,4,0,0,6,13981
0,1,0,1,0,1,0,0,0,1,1,0,6,41471.2
0,1,0,1,0,1,0,0,0,2,1,0,6,22385
0,1,0,1,0,1,0,0,0,3,1,0,6,16943.6
0,1,0,1,0,1,0,0,0,4,1,0,6,14194.6
0,1,0,1,0,1,0,0,0,1,2,0,6,39465.4
0,1,0,1,0,1,0,0,0,2,2,0,6,22209.4
0,1,0,1,0,1,0,0,0,3,2,0,6,17221.6
0,1,0,1,0,1,0,0,0,4,2,0,6,13938
0,1,0,1,0,1,0,0,0,1,0,5,6,39678.2
0,1,0,1,0,1,0,0,0,2,0,5,6,22299.6
0,1,0,1,0,1,0,0,0,3,0,5,6,17822.8
0,1,0,1,0,1,0,0,0,4,0,5,6,14024
0,1,0,1,0,1,0,0,0,1,1,5,6,41562.4
0,1,0,1,0,1,0,0,0,2,1,5,6,22279.8
0,1,0,1,0,1,0,0,0,3,1,5,6,16776.2
0,1,0,1,0,1,0,0,0,4,1,5,6,14167.8
0,1,0,1,0,1,0,0,0,1,2,5,6,39457.2
0,1,0,1,0,1,0,0,0,2,2,5,6,22245.4
0,1,0,1,0,1,0,0,0,3,2,5,6,17282.4
0,1,0,1,0,1,0,0,0,4,2,5,6,14190.2
0,1,0,1,0,1,0,0,0,1,0,15,6,40304.2
0,1,0,1,0,1,0,0,0,2,0,15,6,22358.4
0,1,0,1,0,1,0,0,0,3,0,15,6,17724
0,1,0,1,0,1,0,0,0,4,0,15,6,14168.4
0,1,0,1,0,1,0,0,0,1,1,15,6,41569.8
0,1,0,1,0,1,0,0,0,2,1,15,6,22270
0,1,0,1,0,1,0,0,0,3,1,15,6,16450.8
0,1,0,1,0,1,0,0,0,4,1,15,6,14239.6
0,1,0,1,0,1,0,0,0,1,2,15,6,39414.6
0,1,0,1,0,1,0,0,0,2,2,15,6,22200.2
0,1,0,1,0,1,0,0,0,3,2,15,6,17221.2
0,1,0,1,0,1,0,0,0,4,2,15,6,14240.4
0,1,0,1,0,1,0,0,1,1,0,0,0,40353.2
0,1,0,1,0,1,0,0,1,2,0,0,0,22374.8
0,1,0,1,0,1,0,0,1,3,0,0,0,17814.8
0,1,0,1,0,1,0,0,1,4,0,0,0,14054.4
0,1,0,1,0,1,0,0,1,1,1,0,0,41591.4
0,1,0,1,0,1,0,0,1,2,1,0,0,22244.6
0,1,0,1,0,1,0,0,1,3,1,0,0,16940.2
0,1,0,1,0,1,0,0,1,4,1,0,0,13682.2
0,1,0,1,0,1,0,0,1,1,2,0,0,39422.4
0,1,0,1,0,1,0,0,1,2,2,0,0,22198.2
0,1,0,1,0,1,0,0,1,3,2,0,0,16863.2
0,1,0,1,0,1,0,0,1,4,2,0,0,14327
0,1,0,1,0,1,0,0,1,1,0,5,0,40194.2
0,1,0,1,0,1,0,0,1,2,0,5,0,22316.8
0,1,0,1,0,1,0,0,1,3,0,5,0,17762.2
0,1,0,1,0,1,0,0,1,4,0,5,0,14109.4
0,1,0,1,0,1,0,0,1,1,1,5,0,41575
0,1,0,1,0,1,0,0,1,2,1,5,0,22349.8
0,1,0,1,0,1,0,0,1,3,1,5,0,16864.8
0,1,0,1,0,1,0,0,1,4,1,5,0,14251
0,1,0,1,0,1,0,0,1,1,2,5,0,39417.2
0,1,0,1,0,1,0,0,1,2,2,5,0,22206
0,1,0,1,0,1,0,0,1,3,2,5,0,17330.2
0,1,0,1,0,1,0,0,1,4,2,5,0,14278.2
0,1,0,1,0,1,0,0,1,1,0,15,0,40244
0,1,0,1,0,1,0,0,1,2,0,15,0,22394.6
0,1,0,1,0,1,0,0,1,3,0,15,0,17890.8
0,1,0,1,0,1,0,0,1,4,0,15,0,13666
0,1,0,1,0,1,0,0,1,1,1,15,0,40959
0,1,0,1,0,1,0,0,1,2,1,15,0,22262.6
0,1,0,1,0,1,0,0,1,3,1,15,0,16939.6
0,1,0,1,0,1,0,0,1,4,1,15,0,14177.8
0,1,0,1,0,1,0,0,1,1,2,15,0,39435
0,1,0,1,0,1,0,0,1,2,2,15,0,22220
0,1,0,1,0,1,0,0,1,3,2,15,0,17237.8
0,1,0,1,0,1,0,0,1,4,2,15,0,14411.8
0,1,0,1,0,1,0,0,1,1,0,0,3,40094.2
0,1,0,1,0,1,0,0,1,2,0,0,3,22286.8
0,1,0,1,0,1,0,0,1,3,0,0,3,17859.2
0,1,0,1,0,1,0,0,1,4,0,0,3,14022.6
0,1,0,1,0,1,0,0,1,1,1,0,3,41535
0,1,0,1,0,1,0,0,1,2,1,0,3,22175.8
0,1,0,1,0,1,0,0,1,3,1,0,3,16907.6
0,1,0,1,0,1,0,0,1,4,1,0,3,14268.8
0,1,0,1,0,1,0,0,1,1,2,0,3,39376.2
0,1,0,1,0,1,0,0,1,2,2,0,3,22218.8
0,1,0,1,0,1,0,0,1,3,2,0,3,17245.8
0,1,0,1,0,1,0,0,1,4,2,0,3,14409.4
0,1,0,1,0,1,0,0,1,1,0,5,3,40180.8
0,1,0,1,0,1,0,0,1,2,0,5,3,22328.8
0,1,0,1,0,1,0,0,1,3,0,5,3,17716.4
0,1,0,1,0,1,0,0,1,4,0,5,3,14049.6
0,1,0,1,0,1,0,0,1,1,1,5,3,41482.8
0,1,0,1,0,1,0,0,1,2,1,5,3,22203.2
0,1,0,1,0,1,0,0,1,3,1,5,3,16783
0,1,0,1,0,1,0,0,1,4,1,5,3,14156.4
0,1,0,1,0,1,0,0,1,1,2,5,3,39595.4
0,1,0,1,0,1,0,0,1,2,2,5,3,22260.6
0,1,0,1,0,1,0,0,1,3,2,5,3,17294.2
0,1,0,1,0,1,0,0,1,4,2,5,3,13787.8
0,1,0,1,0,1,0,0,1,1,0,15,3,39556.2
0,1,0,1,0,1,0,0,1,2,0,15,3,22369.4
0,1,0,1,0,1,0,0,1,3,0,15,3,17821.4
0,1,0,1,0,1,0,0,1,4,0,15,3,14160.2
0,1,0,1,0,1,0,0,1,1,1,15,3,41621.6
0,1,0,1,0,1,0,0,1,2,1,15,3,22307.6
0,1,0,1,0,1,0,0,1,3,1,15,3,16505.6
0,1,0,1,0,1,0,0,1,4,1,15,3,14113.4
0,1,0,1,0,1,0,0,1,1,2,15,3,39464.8
0,1,0,1,0,1,0,0,1,2,2,15,3,22313.4
0,1,0,1,0,1,0,0,1,3,2,15,3,17207.2
0,1,0,1,0,1,0,0,1,4,2,15,3,14298.8
0,1,0,1,0,1,0,0,1,1,0,0,6,40221
0,1,0,1,0,1,0,0,1,2,0,0,6,22212.6
0,1,0,1,0,1,0,0,1,3,0,0,6,17687.8
0,1,0,1,0,1,0,0,1,4,0,0,6,14122.6
0,1,0,1,0,1,0,0,1,1,1,0,6,41498.6
0,1,0,1,0,1,0,0,1,2,1,0,6,22358.8
0,1,0,1,0,1,0,0,1,3,1,0,6,16907.6
0,1,0,1,0,1,0,0,1,4,1,0,6,14274.6
0,1,0,1,0,1,0,0,1,1,2,0,6,39302.8
0,1,0,1,0,1,0,0,1,2,2,0,6,22189.4
0,1,0,1,0,1,0,0,1,3,2,0,6,17290.2
0,1,0,1,0,1,0,0,1,4,2,0,6,14415.6
0,1,0,1,0,1,0,0,1,1,0,5,6,40077.4
0,1,0,1,0,1,0,0,1,2,0,5,6,22346.4
0,1,0,1,0,1,0,0,1,3,0,5,6,17766.2
0,1,0,1,0,1,0,0,1,4,0,5,6,14104.4
0,1,0,1,0,1,0,0,1,1,1,5,6,41594.8
0,1,0,1,0,1,0,0,1,2,1,5,6,22293
0,1,0,1,0,1,0,0,1,3,1,5,6,16876.8
0,1,0,1,0,1,0,0,1,4,1,5,6,14198.6
0,1,0,1,0,1,0,0,1,1,2,5,6,39413.2
0,1,0,1,0,1,0,0,1,2,2,5,6,22276.8
0,1,0,1,0,1,0,0,1,3,2,5,6,17269.4
0,1,0,1,0,1,0,0,1,4,2,5,6,13846.4
0,1,0,1,0,1,0,0,1,1,0,15,6,40274.2
0,1,0,1,0,1,0,0,1,2,0,15,6,22356.4
0,1,0,1,0,1,0,0,1,3,0,15,6,17239.2
0,1,0,1,0,1,0,0,1,4,0,15,6,14062
0,1,0,1,0,1,0,0,1,1,1,15,6,40949.4
0,1,0,1,0,1,0,0,1,2,1,15,6,22186
0,1,0,1,0,1,0,0,1,3,1,15,6,16896.8
0,1,0,1,0,1,0,0,1,4,1,15,6,14209.6
0,1,0,1,0,1,0,0,1,1,2,15,6,39551.6
0,1,0,1,0,1,0,0,1,2,2,15,6,22234.6
0,1,0,1,0,1,0,0,1,3,2,15,6,17239.2
0,1,0,1,0,1,0,0,1,4,2,15,6,14228
0,1,1,0,0,0,0,0,0,1,0,0,0,60766.2
0,1,1,0,0,0,0,0,0,2,0,0,0,34056.2
0,1,1,0,0,0,0,0,0,3,0,0,0,25876.8
0,1,1,0,0,0,0,0,0,4,0,0,0,21629.2
0,1,1,0,0,0,0,0,0,1,1,0,0,59478.2
0,1,1,0,0,0,0,0,0,2,1,0,0,33543
0,1,1,0,0,0,0,0,0,3,1,0,0,26112.6
0,1,1,0,0,0,0,0,0,4,1,0,0,22304.8
0,1,1,0,0,0,0,0,0,1,2,0,0,60223
0,1,1,0,0,0,0,0,0,2,2,0,0,33605.4
0,1,1,0,0,0,0,0,0,3,2,0,0,26048.8
0,1,1,0,0,0,0,0,0,4,2,0,0,22024.2
0,1,1,0,0,0,0,0,0,1,0,5,0,60805
0,1,1,0,0,0,0,0,0,2,0,5,0,33880.4
0,1,1,0,0,0,0,0,0,3,0,5,0,25804.8
0,1,1,0,0,0,0,0,0,4,0,5,0,21692.8
0,1,1,0,0,0,0,0,0,1,1,5,0,58916.4
0,1,1,0,0,0,0,0,0,2,1,5,0,33638.2
0,1,1,0,0,0,0,0,0,3,1,5,0,26149.6
0,1,1,0,0,0,0,0,0,4,1,5,0,22397.8
0,1,1,0,0,0,0,0,0,1,2,5,0,59502.6
0,1,1,0,0,0,0,0,0,2,2,5,0,33594.6
0,1,1,0,0,0,0,0,0,3,2,5,0,26125.2
0,1,1,0,0,0,0,0,0,4,2,5,0,21997.6
0,1,1,0,0,0,0,0,0,1,0,15,0,60852.6
0,1,1,0,0,0,0,0,0,2,0,15,0,33947
0,1,1,0,0,0,0,0,0,3,0,15,0,25624
0,1,1,0,0,0,0,0,0,4,0,15,0,21675
0,1,1,0,0,0,0,0,0,1,1,15,0,59589.8
0,1,1,0,0,0,0,0,0,2,1,15,0,33658.2
0,1,1,0,0,0,0,0,0,3,1,15,0,25572.6
0,1,1,0,0,0,0,0,0,4,1,15,0,22337
0,1,1,0,0,0,0,0,0,1,2,15,0,60228.6
0,1,1,0,0,0,0,0,0,2,2,15,0,33512.2
0,1,1,0,0,0,0,0,0,3,2,15,0,25496.2
0,1,1,0,0,0,0,0,0,4,2,15,0,22075.2
0,1,1,0,0,0,0,0,0,1,0,0,3,60000.2
0,1,1,0,0,0,0,0,0,2,0,0,3,33915.4
0,1,1,0,0,0,0,0,0,3,0,0,3,25770.8
0,1,1,0,0,0,0,0,0,4,0,0,3,21664.8
0,1,1,0,0,0,0,0,0,1,1,0,3,59505
0,1,1,0,0,0,0,0,0,2,1,0,3,33706.2
0,1,1,0,0,0,0,0,0,3,1,0,3,26115.4
0,1,1,0,0,0,0,0,0,4,1,0,3,22373.8
0,1,1,0,0,0,0,0,0,1,2,0,3,60323.2
0,1,1,0,0,0,0,0,0,2,2,0,3,33628
0,1,1,0,0,0,0,0,0,3,2,0,3,25997.2
0,1,1,0,0,0,0,0,0,4,2,0,3,22083.6
0,1,1,0,0,0,0,0,0,1,0,5,3,60723
0,1,1,0,0,0,0,0,0,2,0,5,3,33979.4
0,1,1,0,0,0,0,0,0,3,0,5,3,25833.4
0,1,1,0,0,0,0,0,0,4,0,5,3,21663.6
0,1,1,0,0,0,0,0,0,1,1,5,3,59509
0,1,1,0,0,0,0,0,0,2,1,5,3,33782
0,1,1,0,0,0,0,0,0,3,1,5,3,26142.6
0,1,1,0,0,0,0,0,0,4,1,5,3,22391.8
0,1,1,0,0,0,0,0,0,1,2,5,3,60130.8
0,1,1,0,0,0,0,0,0,2,2,5,3,33565.8
0,1,1,0,0,0,0,0,0,3,2,5,3,25456.6
0,1,1,0,0,0,0,0,0,4,2,5,3,21386
0,1,1,0,0,0,0,0,0,1,0,15,3,60135.6
0,1,1,0,0,0,0,0,0,2,0,15,3,34084.6
0,1,1,0,0,0,0,0,0,3,0,15,3,25832.6
0,1,1,0,0,0,0,0,0,4,0,15,3,21667.8
0,1,1,0,0,0,0,0,0,1,1,15,3,58699.2
0,1,1,0,0,0,0,0,0,2,1,15,3,33617.6
0,1,1,0,0,0,0,0,0,3,1,15,3,25523.4
0,1,1,0,0,0,0,0,0,4,1,15,3,22403.8
0,1,1,0,0,0,0,0,0,1,2,15,3,60268.4
0,1,1,0,0,0,0,0,0,2,2,15,3,33580
0,1,1,0,0,0,0,0,0,3,2,15,3,26038.6
0,1,1,0,0,0,0,0,0,4,2,15,3,22004.4
0,1,1,0,0,0,0,0,0,1,0,0,6,60721.6
0,1,1,0,0,0,0,0,0,2,0,0,6,33432.8
0,1,1,0,0,0,0,0,0,3,0,0,6,25211
0,1,1,0,0,0,0,0,0,4,0,0,6,21570.4
0,1,1,0,0,0,0,0,0,1,1,0,6,59528
0,1,1,0,0,0,0,0,0,2,1,0,6,33745.8
0,1,1,0,0,0,0,0,0,3,1,0,6,26129.6
0,1,1,0,0,0,0,0,0,4,1,0,6,22330.4
0,1,1,0,0,0,0,0,0,1,2,0,6,60238.4
0,1,1,0,0,0,0,0,0,2,2,0,6,33565
0,1,1,0,0,0,0,0,0,3,2,0,6,26092.4
0,1,1,0,0,0,0,0,0,4,2,0,6,22050.2
0,1,1,0,0,0,0,0,0,1,0,5,6,60689.2
0,1,1,0,0,0,0,0,0,2,0,5,6,34011.4
0,1,1,0,0,0,0,0,0,3,0,5,6,25748.8
0,1,1,0,0,0,0,0,0,4,0,5,6,21765.8
0,1,1,0,0,0,0,0,0,1,1,5,6,59289.6
0,1,1,0,0,0,0,0,0,2,1,5,6,33664
0,1,1,0,0,0,0,0,0,3,1,5,6,26143.2
0,1,1,0,0,0,0,0,0,4,1,5,6,22307.6
0,1,1,0,0,0,0,0,0,1,2,5,6,60208.2
0,1,1,0,0,0,0,0,0,2,2,5,6,33560
0,1,1,0,0,0,0,0,0,3,2,5,6,26022.2
0,1,1,0,0,0,0,0,0,4,2,5,6,22061.8
0,1,1,0,0,0,0,0,0,1,0,15,6,60726.8
0,1,1,0,0,0,0,0,0,2,0,15,6,33936
0,1,1,0,0,0,0,0,0,3,0,15,6,25861.2
0,1,1,0,0,0,0,0,0,4,0,15,6,21652.4
0,1,1,0,0,0,0,0,0,1,1,15,6,59581.4
0,1,1,0,0,0,0,0,0,2,1,15,6,33757.6
0,1,1,0,0,0,0,0,0,3,1,15,6,25500.6
0,1,1,0,0,0,0,0,0,4,1,15,6,22278.4
0,1,1,0,0,0,0,0,0,1,2,15,6,60040.6
0,1,1,0,0,0,0,0,0,2,2,15,6,33617.4
0,1,1,0,0,0,0,0,0,3,2,15,6,26080.4
0,1,1,0,0,0,0,0,0,4,2,15,6,22004
0,1,1,0,0,0,0,0,1,1,0,0,0,60978
0,1,1,0,0,0,0,0,1,2,0,0,0,33928.8
0,1,1,0,0,0,0,0,1,3,0,0,0,25804.2
0,1,1,0,0,0,0,0,1,4,0,0,0,21689.8
0,1,1,0,0,0,0,0,1,1,1,0,0,59492.6
0,1,1,0,0,0,0,0,1,2,1,0,0,33595.2
0,1,1,0,0,0,0,0,1,3,1,0,0,26099
0,1,1,0,0,0,0,0,1,4,1,0,0,22344.2
0,1,1,0,0,0,0,0,1,1,2,0,0,60369.4
0,1,1,0,0,0,0,0,1,2,2,0,0,33550.2
0,1,1,0,0,0,0,0,1,3,2,0,0,26020.8
0,1,1,0,0,0,0,0,1,4,2,0,0,22092.4
0,1,1,0,0,0,0,0,1,1,0,5,0,60714.2
0,1,1,0,0,0,0,0,1,2,0,5,0,33930.4
0,1,1,0,0,0,0,0,1,3,0,5,0,25881
0,1,1,0,0,0,0,0,1,4,0,5,0,21702.2
0,1,1,0,0,0,0,0,1,1,1,5,0,59452.8
0,1,1,0,0,0,0,0,1,2,1,5,0,33700
0,1,1,0,0,0,0,0,1,3,1,5,0,26174.2
0,1,1,0,0,0,0,0,1,4,1,5,0,22356.2
0,1,1,0,0,0,0,0,1,1,2,5,0,60188.8
0,1,1,0,0,0,0,0,1,2,2,5,0,33651.4
0,1,1,0,0,0,0,0,1,3,2,5,0,26001.6
0,1,1,0,0,0,0,0,1,4,2,5,0,21974.2
0,1,1,0,0,0,0,0,1,1,0,15,0,60724.2
0,1,1,0,0,0,0,0,1,2,0,15,0,34041
0,1,1,0,0,0,0,0,1,3,0,15,0,25116.4
0,1,1,0,0,0,0,0,1,4,0,15,0,21667.4
0,1,1,0,0,0,0,0,1,1,1,15,0,59475.4
0,1,1,0,0,0,0,0,1,2,1,15,0,33612.2
0,1,1,0,0,0,0,0,1,3,1,15,0,26138.4
0,1,1,0,0,0,0,0,1,4,1,15,0,22290.2
0,1,1,0,0,0,0,0,1,1,2,15,0,60262.2
0,1,1,0,0,0,0,0,1,2,2,15,0,33488.8
0,1,1,0,0,0,0,0,1,3,2,15,0,26059.6
0,1,1,0,0,0,0,0,1,4,2,15,0,22064
0,1,1,0,0,0,0,0,1,1,0,0,3,60122.8
0,1,1,0,0,0,0,0,1,2,0,0,3,34228.6
0,1,1,0,0,0,0,0,1,3,0,0,3,25743
0,1,1,0,0,0,0,0,1,4,0,0,3,21644.6
0,1,1,0,0,0,0,0,1,1,1,0,3,59476.8
0,1,1,0,0,0,0,0,1,2,1,0,3,33522.8
0,1,1,0,0,0,0,0,1,3,1,0,3,26226
0,1,1,0,0,0,0,0,1,4,1,0,3,22296.8
0,1,1,0,0,0,0,0,1,1,2,0,3,60323.6
0,1,1,0,0,0,0,0,1,2,2,0,3,33545.8
0,1,1,0,0,0,0,0,1,3,2,0,3,26084.6
0,1,1,0,0,0,0,0,1,4,2,0,3,22056.8
0,1,1,0,0,0,0,0,1,1,0,5,3,60728.8
0,1,1,0,0,0,0,0,1,2,0,5,3,33975.8
0,1,1,0,0,0,0,0,1,3,0,5,3,25860
0,1,1,0,0,0,0,0,1,4,0,5,3,21633.8
0,1,1,0,0,0,0,0,1,1,1,5,3,59549.2
0,1,1,0,0,0,0,0,1,2,1,5,3,33623.2
0,1,1,0,0,0,0,0,1,3,1,5,3,26193.2
0,1,1,0,0,0,0,0,1,4,1,5,3,22249.8
0,1,1,0,0,0,0,0,1,1,2,5,3,60338
0,1,1,0,0,0,0,0,1,2,2,5,3,33518.8
0,1,1,0,0,0,0,0,1,3,2,5,3,26063.4
0,1,1,0,0,0,0,0,1,4,2,5,3,22121.2
0,1,1,0,0,0,0,0,1,1,0,15,3,60005
0,1,1,0,0,0,0,0,1,2,0,15,3,33375.4
0,1,1,0,0,0,0,0,1,3,0,15,3,25801.8
0,1,1,0,0,0,0,0,1,4,0,15,3,21649.4
0,1,1,0,0,0,0,0,1,1,1,15,3,59565.4
0,1,1,0,0,0,0,0,1,2,1,15,3,33527.6
0,1,1,0,0,0,0,0,1,3,1,15,3,26143.4
0,1,1,0,0,0,0,0,1,4,1,15,3,22311.2
0,1,1,0,0,0,0,0,1,1,2,15,3,59434
0,1,1,0,0,0,0,0,1,2,2,15,3,33703.8
0,1,1,0,0,0,0,0,1,3,2,15,3,25940
0,1,1,0,0,0,0,0,1,4,2,15,3,21959.8
0,1,1,0,0,0,0,0,1,1,0,0,6,60704
0,1,1,0,0,0,0,0,1,2,0,0,6,34089
0,1,1,0,0,0,0,0,1,3,0,0,6,25785.8
0,1,1,0,0,0,0,0,1,4,0,0,6,21094.6
0,1,1,0,0,0,0,0,1,1,1,0,6,59617
0,1,1,0,0,0,0,0,1,2,1,0,6,33723
0,1,1,0,0,0,0,0,1,3,1,0,6,26069.6
0,1,1,0,0,0,0,0,1,4,1,0,6,21674.6
0,1,1,0,0,0,0,0,1,1,2,0,6,60295.2
0,1,1,0,0,0,0,0,1,2,2,0,6,33756.6
0,1,1,0,0,0,0,0,1,3,2,0,6,26177.2
0,1,1,0,0,0,0,0,1,4,2,0,6,21974.8
0,1,1,0,0,0,0,0,1,1,0,5,6,61135
0,1,1,0,0,0,0,0,1,2,0,5,6,33352.4
0,1,1,0,0,0,0,0,1,3,0,5,6,25133
0,1,1,0,0,0,0,0,1,4,0,5,6,21594.4
0,1,1,0,0,0,0,0,1,1,1,5,6,59538.6
0,1,1,0,0,0,0,0,1,2,1,5,6,33786.2
0,1,1,0,0,0,0,0,1,3,1,5,6,26067
0,1,1,0,0,0,0,0,1,4,1,5,6,22340.6
0,1,1,0,0,0,0,0,1,1,2,5,6,60193.8
0,1,1,0,0,0,0,0,1,2,2,5,6,33543.2
0,1,1,0,0,0,0,0,1,3,2,5,6,25968.8
0,1,1,0,0,0,0,0,1,4,2,5,6,22043.6
0,1,1,0,0,0,0,0,1,1,0,15,6,60720.8
0,1,1,0,0,0,0,0,1,2,0,15,6,34053
0,1,1,0,0,0,0,0,1,3,0,15,6,25761.8
0,1,1,0,0,0,0,0,1,4,0,15,6,21632.2
0,1,1,0,0,0,0,0,1,1,1,15,6,59638.4
0,1,1,0,0,0,0,0,1,2,1,15,6,33008.8
0,1,1,0,0,0,0,0,1,3,1,15,6,26126.2
0,1,1,0,0,0,0,0,1,4,1,15,6,22286.2
0,1,1,0,0,0,0,0,1,1,2,15,6,60156.6
0,1,1,0,0,0,0,0,1,2,2,15,6,33614.8
0,1,1,0,0,0,0,0,1,3,2,15,6,26113.4
0,1,1,0,0,0,0,0,1,4,2,15,6,21269.8
0,1,1,0,0,1,0,0,0,1,0,0,0,53347
0,1,1,0,0,1,0,0,0,2,0,0,0,29112
0,1,1,0,0,1,0,0,0,3,0,0,0,22147.4
0,1,1,0,0,1,0,0,0,4,0,0,0,18655.6
0,1,1,0,0,1,0,0,0,1,1,0,0,53605.6
0,1,1,0,0,1,0,0,0,2,1,0,0,28753.8
0,1,1,0,0,1,0,0,0,3,1,0,0,22945.2
0,1,1,0,0,1,0,0,0,4,1,0,0,18111.6
0,1,1,0,0,1,0,0,0,1,2,0,0,55019.8
0,1,1,0,0,1,0,0,0,2,2,0,0,29350.2
0,1,1,0,0,1,0,0,0,3,2,0,0,22122.6
0,1,1,0,0,1,0,0,0,4,2,0,0,18596
0,1,1,0,0,1,0,0,0,1,0,5,0,53434.6
0,1,1,0,0,1,0,0,0,2,0,5,0,29100.8
0,1,1,0,0,1,0,0,0,3,0,5,0,21610
0,1,1,0,0,1,0,0,0,4,0,5,0,18730.6
0,1,1,0,0,1,0,0,0,1,1,5,0,53558.4
0,1,1,0,0,1,0,0,0,2,1,5,0,28633
0,1,1,0,0,1,0,0,0,3,1,5,0,22270.8
0,1,1,0,0,1,0,0,0,4,1,5,0,18084.6
0,1,1,0,0,1,0,0,0,1,2,5,0,55041.2
0,1,1,0,0,1,0,0,0,2,2,5,0,28743.4
0,1,1,0,0,1,0,0,0,3,2,5,0,22079.2
0,1,1,0,0,1,0,0,0,4,2,5,0,18613.4
0,1,1,0,0,1,0,0,0,1,0,15,0,53365.2
0,1,1,0,0,1,0,0,0,2,0,15,0,29030.8
0,1,1,0,0,1,0,0,0,3,0,15,0,22128
0,1,1,0,0,1,0,0,0,4,0,15,0,18109.6
0,1,1,0,0,1,0,0,0,1,1,15,0,53565.4
0,1,1,0,0,1,0,0,0,2,1,15,0,28596
0,1,1,0,0,1,0,0,0,3,1,15,0,22948.6
0,1,1,0,0,1,0,0,0,4,1,15,0,18109
0,1,1,0,0,1,0,0,0,1,2,15,0,55043.2
0,1,1,0,0,1,0,0,0,2,2,15,0,29250.8
0,1,1,0,0,1,0,0,0,3,2,15,0,21590
0,1,1,0,0,1,0,0,0,4,2,15,0,18576.6
0,1,1,0,0,1,0,0,0,1,0,0,3,53532.8
0,1,1,0,0,1,0,0,0,2,0,0,3,29164.2
0,1,1,0,0,1,0,0,0,3,0,0,3,22148.4
0,1,1,0,0,1,0,0,0,4,0,0,3,18779
0,1,1,0,0,1,0,0,0,1,1,0,3,53521
0,1,1,0,0,1,0,0,0,2,1,0,3,28613.4
0,1,1,0,0,1,0,0,0,3,1,0,3,22895.8
0,1,1,0,0,1,0,0,0,4,1,0,3,18133.2
0,1,1,0,0,1,0,0,0,1,2,0,3,55128.4
0,1,1,0,0,1,0,0,0,2,2,0,3,29284.6
0,1,1,0,0,1,0,0,0,3,2,0,3,22017.4
0,1,1,0,0,1,0,0,0,4,2,0,3,18530.2
0,1,1,0,0,1,0,0,0,1,0,5,3,53525.6
0,1,1,0,0,1,0,0,0,2,0,5,3,29146.6
0,1,1,0,0,1,0,0,0,3,0,5,3,21656
0,1,1,0,0,1,0,0,0,4,0,5,3,18700.2
0,1,1,0,0,1,0,0,0,1,1,5,3,53516.2
0,1,1,0,0,1,0,0,0,2,1,5,3,28688.8
0,1,1,0,0,1,0,0,0,3,1,5,3,22900.2
0,1,1,0,0,1,0,0,0,4,1,5,3,18190.6
0,1,1,0,0,1,0,0,0,1,2,5,3,55153.4
0,1,1,0,0,1,0,0,0,2,2,5,3,29327.4
0,1,1,0,0,1,0,0,0,3,2,5,3,22052.6
0,1,1,0,0,1,0,0,0,4,2,5,3,18586.4
0,1,1,0,0,1,0,0,0,1,0,15,3,53398.8
0,1,1,0,0,1,0,0,0,2,0,15,3,29177.4
0,1,1,0,0,1,0,0,0,3,0,15,3,22074.8
0,1,1,0,0,1,0,0,0,4,0,15,3,18710.6
0,1,1,0,0,1,0,0,0,1,1,15,3,53630.6
0,1,1,0,0,1,0,0,0,2,1,15,3,28685.2
0,1,1,0,0,1,0,0,0,3,1,15,3,22849.2
0,1,1,0,0,1,0,0,0,4,1,15,3,18131.6
0,1,1,0,0,1,0,0,0,1,2,15,3,55043.6
0,1,1,0,0,1,0,0,0,2,2,15,3,29375
0,1,1,0,0,1,0,0,0,3,2,15,3,21572.6
0,1,1,0,0,1,0,0,0,4,2,15,3,18698.2
0,1,1,0,0,1,0,0,0,1,0,0,6,53479.8
0,1,1,0,0,1,0,0,0,2,0,0,6,29137.6
0,1,1,0,0,1,0,0,0,3,0,0,6,22140.6
0,1,1,0,0,1,0,0,0,4,0,0,6,18674.8
0,1,1,0,0,1,0,0,0,1,1,0,6,53534.2
0,1,1,0,0,1,0,0,0,2,1,0,6,28222.2
0,1,1,0,0,1,0,0,0,3,1,0,6,22801.4
0,1,1,0,0,1,0,0,0,4,1,0,6,18125.4
0,1,1,0,0,1,0,0,0,1,2,0,6,54961.8
0,1,1,0,0,1,0,0,0,2,2,0,6,29323
0,1,1,0,0,1,0,0,0,3,2,0,6,22016.2
0,1,1,0,0,1,0,0,0,4,2,0,6,18140.6
0,1,1,0,0,1,0,0,0,1,0,5,6,53443.2
0,1,1,0,0,1,0,0,0,2,0,5,6,29058.6
0,1,1,0,0,1,0,0,0,3,0,5,6,22236.4
0,1,1,0,0,1,0,0,0,4,0,5,6,18135.8
0,1,1,0,0,1,0,0,0,1,1,5,6,53587.8
0,1,1,0,0,1,0,0,0,2,1,5,6,28627.8
0,1,1,0,0,1,0,0,0,3,1,5,6,22899.6
0,1,1,0,0,1,0,0,0,4,1,5,6,18223.6
0,1,1,0,0,1,0,0,0,1,2,5,6,55039.8
0,1,1,0,0,1,0,0,0,2,2,5,6,29358.8
0,1,1,0,0,1,0,0,0,3,2,5,6,22082
0,1,1,0,0,1,0,0,0,4,2,5,6,18565.8
0,1,1,0,0,1,0,0,0,1,0,15,6,53408.4
0,1,1,0,0,1,0,0,0,2,0,15,6,29121
0,1,1,0,0,1,0,0,0,3,0,15,6,22067.8
0,1,1,0,0,1,0,0,0,4,0,15,6,18710.6
0,1,1,0,0,1,0,0,0,1,1,15,6,53571
0,1,1,0,0,1,0,0,0,2,1,15,6,28561.6
0,1,1,0,0,1,0,0,0,3,1,15,6,22890.6
0,1,1,0,0,1,0,0,0,4,1,15,6,18055.6
0,1,1,0,0,1,0,0,0,1,2,15,6,55068.2
0,1,1,0,0,1,0,0,0,2,2,15,6,29341.6
0,1,1,0,0,1,0,0,0,3,2,15,6,22172.6
0,1,1,0,0,1,0,0,0,4,2,15,6,18622.2
0,1,1,0,0,1,0,0,1,1,0,0,0,53403.4
0,1,1,0,0,1,0,0,1,2,0,0,0,29126.8
0,1,1,0,0,1,0,0,1,3,0,0,0,22171.4
0,1,1,0,0,1,0,0,1,4,0,0,0,18258
0,1,1,0,0,1,0,0,1,1,1,0,0,53558
0,1,1,0,0,1,0,0,1,2,1,0,0,28712
0,1,1,0,0,1,0,0,1,3,1,0,0,22382.8
0,1,1,0,0,1,0,0,1,4,1,0,0,18223.6
0,1,1,0,0,1,0,0,1,1,2,0,0,55043.6
0,1,1,0,0,1,0,0,1,2,2,0,0,29366.6
0,1,1,0,0,1,0,0,1,3,2,0,0,22084.6
0,1,1,0,0,1,0,0,1,4,2,0,0,18635.6
0,1,1,0,0,1,0,0,1,1,0,5,0,53393.2
0,1,1,0,0,1,0,0,1,2,0,5,0,29026.6
0,1,1,0,0,1,0,0,1,3,0,5,0,22187.6
0,1,1,0,0,1,0,0,1,4,0,5,0,18615.8
0,1,1,0,0,1,0,0,1,1,1,5,0,53491.4
0,1,1,0,0,1,0,0,1,2,1,5,0,28655.2
0,1,1,0,0,1,0,0,1,3,1,5,0,22885
0,1,1,0,0,1,0,0,1,4,1,5,0,17661.4
0,1,1,0,0,1,0,0,1,1,2,5,0,54939.6
0,1,1,0,0,1,0,0,1,2,2,5,0,29328.4
0,1,1,0,0,1,0,0,1,3,2,5,0,22093.4
0,1,1,0,0,1,0,0,1,4,2,5,0,18608.2
0,1,1,0,0,1,0,0,1,1,0,15,0,53408.2
0,1,1,0,0,1,0,0,1,2,0,15,0,28992.4
0,1,1,0,0,1,0,0,1,3,0,15,0,22016.8
0,1,1,0,0,1,0,0,1,4,0,15,0,18711.4
0,1,1,0,0,1,0,0,1,1,1,15,0,53511.4
0,1,1,0,0,1,0,0,1,2,1,15,0,28503.6
0,1,1,0,0,1,0,0,1,3,1,15,0,22397.6
0,1,1,0,0,1,0,0,1,4,1,15,0,18128
0,1,1,0,0,1,0,0,1,1,2,15,0,54987.6
0,1,1,0,0,1,0,0,1,2,2,15,0,29317
0,1,1,0,0,1,0,0,1,3,2,15,0,21600.6
0,1,1,0,0,1,0,0,1,4,2,15,0,18585.4
0,1,1,0,0,1,0,0,1,1,0,0,3,52730
0,1,1,0,0,1,0,0,1,2,0,0,3,29126.2
0,1,1,0,0,1,0,0,1,3,0,0,3,22178
0,1,1,0,0,1,0,0,1,4,0,0,3,18673.4
0,1,1,0,0,1,0,0,1,1,1,0,3,53571
0,1,1,0,0,1,0,0,1,2,1,0,3,28670.4
0,1,1,0,0,1,0,0,1,3,1,0,3,23075.4
0,1,1,0,0,1,0,0,1,4,1,0,3,18167.4
0,1,1,0,0,1,0,0,1,1,2,0,3,54955.2
0,1,1,0,0,1,0,0,1,2,2,0,3,29346.6
0,1,1,0,0,1,0,0,1,3,2,0,3,22258.6
0,1,1,0,0,1,0,0,1,4,2,0,3,18603
0,1,1,0,0,1,0,0,1,1,0,5,3,53429.8
0,1,1,0,0,1,0,0,1,2,0,5,3,29032
0,1,1,0,0,1,0,0,1,3,0,5,3,22136.4
0,1,1,0,0,1,0,0,1,4,0,5,3,18744.4
0,1,1,0,0,1,0,0,1,1,1,5,3,53643.4
0,1,1,0,0,1,0,0,1,2,1,5,3,28611.8
0,1,1,0,0,1,0,0,1,3,1,5,3,22954.2
0,1,1,0,0,1,0,0,1,4,1,5,3,18119.2
0,1,1,0,0,1,0,0,1,1,2,5,3,55029.8
0,1,1,0,0,1,0,0,1,2,2,5,3,29498
0,1,1,0,0,1,0,0,1,3,2,5,3,22099.6
0,1,1,0,0,1,0,0,1,4,2,5,3,18697.2
0,1,1,0,0,1,0,0,1,1,0,15,3,53411.2
0,1,1,0,0,1,0,0,1,2,0,15,3,29094.4
0,1,1,0,0,1,0,0,1,3,0,15,3,22129.2
0,1,1,0,0,1,0,0,1,4,0,15,3,18687.8
0,1,1,0,0,1,0,0,1,1,1,15,3,53475
0,1,1,0,0,1,0,0,1,2,1,15,3,28595.8
0,1,1,0,0,1,0,0,1,3,1,15,3,22847.8
0,1,1,0,0,1,0,0,1,4,1,15,3,18104.4
0,1,1,0,0,1,0,0,1,1,2,15,3,55062.6
0,1,1,0,0,1,0,0,1,2,2,15,3,29237.4
0,1,1,0,0,1,0,0,1,3,2,15,3,21562.2
0,1,1,0,0,1,0,0,1,4,2,15,3,18694.8
0,1,1,0,0,1,0,0,1,1,0,0,6,52743.6
0,1,1,0,0,1,0,0,1,2,0,0,6,29031.6
0,1,1,0,0,1,0,0,1,3,0,0,6,22130.8
0,1,1,0,0,1,0,0,1,4,0,0,6,18767.4
0,1,1,0,0,1,0,0,1,1,1,0,6,53435.6
0,1,1,0,0,1,0,0,1,2,1,0,6,28685.8
0,1,1,0,0,1,0,0,1,3,1,0,6,22807.2
0,1,1,0,0,1,0,0,1,4,1,0,6,18277
0,1,1,0,0,1,0,0,1,1,2,0,6,54341
0,1,1,0,0,1,0,0,1,2,2,0,6,28717.8
0,1,1,0,0,1,0,0,1,3,2,0,6,22128
0,1,1,0,0,1,0,0,1,4,2,0,6,18596
0,1,1,0,0,1,0,0,1,1,0,5,6,53532.8
0,1,1,0,0,1,0,0,1,2,0,5,6,28990.8
0,1,1,0,0,1,0,0,1,3,0,5,6,22109.2
0,1,1,0,0,1,0,0,1,4,0,5,6,18727.2
0,1,1,0,0,1,0,0,1,1,1,5,6,52895.8
0,1,1,0,0,1,0,0,1,2,1,5,6,28608.8
0,1,1,0,0,1,0,0,1,3,1,5,6,22861.4
0,1,1,0,0,1,0,0,1,4,1,5,6,18183.8
0,1,1,0,0,1,0,0,1,1,2,5,6,54995.2
0,1,1,0,0,1,0,0,1,2,2,5,6,29321
0,1,1,0,0,1,0,0,1,3,2,5,6,22099.8
0,1,1,0,0,1,0,0,1,4,2,5,6,18505.2
0,1,1,0,0,1,0,0,1,1,0,15,6,53450.6
0,1,1,0,0,1,0,0,1,2,0,15,6,29272
0,1,1,0,0,1,0,0,1,3,0,15,6,21669.6
0,1,1,0,0,1,0,0,1,4,0,15,6,18711.2
0,1,1,0,0,1,0,0,1,1,1,15,6,53528.2
0,1,1,0,0,1,0,0,1,2,1,15,6,28686.4
0,1,1,0,0,1,0,0,1,3,1,15,6,22877
0,1,1,0,0,1,0,0,1,4,1,15,6,18152.4
0,1,1,0,0,1,0,0,1,1,2,15,6,55051.6
0,1,1,0,0,1,0,0,1,2,2,15,6,29241.8
0,1,1,0,0,1,0,0,1,3,2,15,6,22084
0,1,1,0,0,1,0,0,1,4,2,15,6,18546.4
1,1,0,0,1,0,0,1,0,1,0,0,0,8398.6
1,1,0,0,1,0,0,1,0,2,0,0,0,6480.2
1,1,0,0,1,0,0,1,0,3,0,0,0,5966.4
1,1,0,0,1,0,0,1,0,4,0,0,0,5576.2
1,1,0,0,1,0,0,1,0,1,1,0,0,8197.4
1,1,0,0,1,0,0,1,0,2,1,0,0,6514
1,1,0,0,1,0,0,1,0,3,1,0,0,5674.2
1,1,0,0,1,0,0,1,0,4,1,0,0,5664.8
1,1,0,0,1,0,0,1,0,1,2,0,0,8218.4
1,1,0,0,1,0,0,1,0,2,2,0,0,6559.8
1,1,0,0,1,0,0,1,0,3,2,0,0,5890.2
1,1,0,0,1,0,0,1,0,4,2,0,0,5583.2
1,1,0,0,1,0,0,1,1,1,0,0,0,8309
1,1,0,0,1,0,0,1,1,2,0,0,0,6408.2
1,1,0,0,1,0,0,1,1,3,0,0,0,5996.8
1,1,0,0,1,0,0,1,1,4,0,0,0,5593.2
1,1,0,0,1,0,0,1,1,1,1,0,0,8268.8
1,1,0,0,1,0,0,1,1,2,1,0,0,6516.6
1,1,0,0,1,0,0,1,1,3,1,0,0,5867.8
1,1,0,0,1,0,0,1,1,4,1,0,0,5447
1,1,0,0,1,0,0,1,1,1,2,0,0,8312.8
1,1,0,0,1,0,0,1,1,2,2,0,0,6561
1,1,0,0,1,0,0,1,1,3,2,0,0,6138.6
1,1,0,0,1,0,0,1,1,4,2,0,0,5600.8
1,1,0,0,1,0,1,0,0,1,0,0,0,8370.4
1,1,0,0,1,0,1,0,0,2,0,0,0,6412.8
1,1,0,0,1,0,1,0,0,3,0,0,0,5768.2
1,1,0,0,1,0,1,0,0,4,0,0,0,5528.6
1,1,0,0,1,0,1,0,0,1,1,0,0,8346
1,1,0,0,1,0,1,0,0,2,1,0,0,6610.6
1,1,0,0,1,0,1,0,0,3,1,0,0,5952.8
1,1,0,0,1,0,1,0,0,4,1,0,0,5407.2
1,1,0,0,1,0,1,0,0,1,2,0,0,8298.4
1,1,0,0,1,0,1,0,0,2,2,0,0,6249.4
1,1,0,0,1,0,1,0,0,3,2,0,0,5816.8
1,1,0,0,1,0,1,0,0,4,2,0,0,5491.8
1,1,0,0,1,0,1,0,0,1,0,5,0,8273.2
1,1,0,0,1,0,1,0,0,2,0,5,0,6485.4
1,1,0,0,1,0,1,0,0,3,0,5,0,5981.8
1,1,0,0,1,0,1,0,0,4,0,5,0,5568.2
1,1,0,0,1,0,1,0,0,1,1,5,0,8262.6
1,1,0,0,1,0,1,0,0,2,1,5,0,6557.6
1,1,0,0,1,0,1,0,0,3,1,5,0,5930
1,1,0,0,1,0,1,0,0,4,1,5,0,5812.8
1,1,0,0,1,0,1,0,0,1,2,5,0,8211.2
1,1,0,0,1,0,1,0,0,2,2,5,0,6596
1,1,0,0,1,0,1,0,0,3,2,5,0,6133.2
1,1,0,0,1,0,1,0,0,4,2,5,0,5481.6
1,1,0,0,1,0,1,0,0,1,0,15,0,8284.4
1,1,0,0,1,0,1,0,0,2,0,15,0,6441.8
1,1,0,0,1,0,1,0,0,3,0,15,0,6020.2
1,1,0,0,1,0,1,0,0,4,0,15,0,5624.6
1,1,0,0,1,0,1,0,0,1,1,15,0,8175.4
1,1,0,0,1,0,1,0,0,2,1,15,0,6557.4
1,1,0,0,1,0,1,0,0,3,1,15,0,5928.8
1,1,0,0,1,0,1,0,0,4,1,15,0,5884
1,1,0,0,1,0,1,0,0,1,2,15,0,8248.8
1,1,0,0,1,0,1,0,0,2,2,15,0,6490.2
1,1,0,0,1,0,1,0,0,3,2,15,0,5917.4
1,1,0,0,1,0,1,0,0,4,2,15,0,5597
1,1,0,0,1,0,1,0,0,1,0,0,3,8227.8
1,1,0,0,1,0,1,0,0,2,0,0,3,6414.8
1,1,0,0,1,0,1,0,0,3,0,0,3,5904.8
1,1,0,0,1,0,1,0,0,4,0,0,3,5644.8
1,1,0,0,1,0,1,0,0,1,1,0,3,8225.2
1,1,0,0,1,0,1,0,0,2,1,0,3,6434.8
1,1,0,0,1,0,1,0,0,3,1,0,3,5784
1,1,0,0,1,0,1,0,0,4,1,0,3,5491.4
1,1,0,0,1,0,1,0,0,1,2,0,3,8266.2
1,1,0,0,1,0,1,0,0,2,2,0,3,6336.6
1,1,0,0,1,0,1,0,0,3,2,0,3,6029.4
1,1,0,0,1,0,1,0,0,4,2,0,3,5606.8
1,1,0,0,1,0,1,0,0,1,0,5,3,8297.6
1,1,0,0,1,0,1,0,0,2,0,5,3,6459.6
1,1,0,0,1,0,1,0,0,3,0,5,3,5872.8
1,1,0,0,1,0,1,0,0,4,0,5,3,5575.4
1,1,0,0,1,0,1,0,0,1,1,5,3,8487.4
1,1,0,0,1,0,1,0,0,2,1,5,3,6411
1,1,0,0,1,0,1,0,0,3,1,5,3,5914.6
1,1,0,0,1,0,1,0,0,4,1,5,3,5600.4
1,1,0,0,1,0,1,0,0,1,2,5,3,8252.8
1,1,0,0,1,0,1,0,0,2,2,5,3,6373
1,1,0,0,1,0,1,0,0,3,2,5,3,5995
1,1,0,0,1,0,1,0,0,4,2,5,3,5623.6
1,1,0,0,1,0,1,0,0,1,0,15,3,8223.2
1,1,0,0,1,0,1,0,0,2,0,15,3,6586
1,1,0,0,1,0,1,0,0,3,0,15,3,5903.8
1,1,0,0,1,0,1,0,0,4,0,15,3,5868.2
1,1,0,0,1,0,1,0,0,1,1,15,3,8227
1,1,0,0,1,0,1,0,0,2,1,15,3,6748
1,1,0,0,1,0,1,0,0,3,1,15,3,6247
1,1,0,0,1,0,1,0,0,4,1,15,3,5580.6
1,1,0,0,1,0,1,0,0,1,2,15,3,8310
1,1,0,0,1,0,1,0,0,2,2,15,3,6516.8
1,1,0,0,1,0,1,0,0,3,2,15,3,5936.2
1,1,0,0,1,0,1,0,0,4,2,15,3,5663.8
1,1,0,0,1,0,1,0,0,1,0,0,6,8383
1,1,0,0,1,0,1,0,0,2,0,0,6,6400.4
1,1,0,0,1,0,1,0,0,3,0,0,6,5931.2
1,1,0,0,1,0,1,0,0,4,0,0,6,5566.2
1,1,0,0,1,0,1,0,0,1,1,0,6,8356.4
1,1,0,0,1,0,1,0,0,2,1,0,6,6408
1,1,0,0,1,0,1,0,0,3,1,0,6,5932
1,1,0,0,1,0,1,0,0,4,1,0,6,5683.8
1,1,0,0,1,0,1,0,0,1,2,0,6,8253.4
1,1,0,0,1,0,1,0,0,2,2,0,6,6369.2
1,1,0,0,1,0,1,0,0,3,2,0,6,5961.4
1,1,0,0,1,0,1,0,0,4,2,0,6,5615.4
1,1,0,0,1,0,1,0,0,1,0,5,6,8189.8
1,1,0,0,1,0,1,0,0,2,0,5,6,6514.2
1,1,0,0,1,0,1,0,0,3,0,5,6,5824.2
1,1,0,0,1,0,1,0,0,4,0,5,6,5600
1,1,0,0,1,0,1,0,0,1,1,5,6,8398.4
1,1,0,0,1,0,1,0,0,2,1,5,6,6496.4
1,1,0,0,1,0,1,0,0,3,1,5,6,5984
1,1,0,0,1,0,1,0,0,4,1,5,6,5768.6
1,1,0,0,1,0,1,0,0,1,2,5,6,8208.6
1,1,0,0,1,0,1,0,0,2,2,5,6,6489.8
1,1,0,0,1,0,1,0,0,3,2,5,6,5963.8
1,1,0,0,1,0,1,0,0,4,2,5,6,5561.6
1,1,0,0,1,0,1,0,0,1,0,15,6,8283.4
1,1,0,0,1,0,1,0,0,2,0,15,6,6568.4
1,1,0,0,1,0,1,0,0,3,0,15,6,5933.6
1,1,0,0,1,0,1,0,0,4,0,15,6,5680.8
1,1,0,0,1,0,1,0,0,1,1,15,6,8289.4
1,1,0,0,1,0,1,0,0,2,1,15,6,6528
1,1,0,0,1,0,1,0,0,3,1,15,6,6036.2
1,1,0,0,1,0,1,0,0,4,1,15,6,5658.2
1,1,0,0,1,0,1,0,0,1,2,15,6,8200
1,1,0,0,1,0,1,0,0,2,2,15,6,6410.2
1,1,0,0,1,0,1,0,0,3,2,15,6,5874
1,1,0,0,1,0,1,0,0,4,2,15,6,5753
1,1,0,0,1,0,1,0,1,1,0,0,0,8245
1,1,0,0,1,0,1,0,1,2,0,0,0,6567.6
1,1,0,0,1,0,1,0,1,3,0,0,0,5882.6
1,1,0,0,1,0,1,0,1,4,0,0,0,5558
1,1,0,0,1,0,1,0,1,1,1,0,0,8333
1,1,0,0,1,0,1,0,1,2,1,0,0,6498.4
1,1,0,0,1,0,1,0,1,3,1,0,0,5818.4
1,1,0,0,1,0,1,0,1,4,1,0,0,5809.8
1,1,0,0,1,0,1,0,1,1,2,0,0,8349.2
1,1,0,0,1,0,1,0,1,2,2,0,0,6417.6
1,1,0,0,1,0,1,0,1,3,2,0,0,5878.6
1,1,0,0,1,0,1,0,1,4,2,0,0,5633.8
1,1,0,0,1,0,1,0,1,1,0,5,0,8258.4
1,1,0,0,1,0,1,0,1,2,0,5,0,6557.2
1,1,0,0,1,0,1,0,1,3,0,5,0,5927
1,1,0,0,1,0,1,0,1,4,0,5,0,5577.8
1,1,0,0,1,0,1,0,1,1,1,5,0,8399.6
1,1,0,0,1,0,1,0,1,2,1,5,0,6493.4
1,1,0,0,1,0,1,0,1,3,1,5,0,5914.6
1,1,0,0,1,0,1,0,1,4,1,5,0,5630.4
1,1,0,0,1,0,1,0,1,1,2,5,0,8242.4
1,1,0,0,1,0,1,0,1,2,2,5,0,6390.8
1,1,0,0,1,0,1,0,1,3,2,5,0,6073.6
1,1,0,0,1,0,1,0,1,4,2,5,0,5579
1,1,0,0,1,0,1,0,1,1,0,15,0,8307.2
1,1,0,0,1,0,1,0,1,2,0,15,0,6683.8
1,1,0,0,1,0,1,0,1,3,0,15,0,5851.2
1,1,0,0,1,0,1,0,1,4,0,15,0,5385.6
1,1,0,0,1,0,1,0,1,1,1,15,0,8343.4
1,1,0,0,1,0,1,0,1,2,1,15,0,6434.8
1,1,0,0,1,0,1,0,1,3,1,15,0,5768.6
1,1,0,0,1,0,1,0,1,4,1,15,0,5506
1,1,0,0,1,0,1,0,1,1,2,15,0,8361
1,1,0,0,1,0,1,0,1,2,2,15,0,6442.8
1,1,0,0,1,0,1,0,1,3,2,15,0,5890.6
1,1,0,0,1,0,1,0,1,4,2,15,0,5624.2
1,1,0,0,1,0,1,0,1,1,0,0,3,8141.2
1,1,0,0,1,0,1,0,1,2,0,0,3,6429.6
1,1,0,0,1,0,1,0,1,3,0,0,3,5951.8
1,1,0,0,1,0,1,0,1,4,0,0,3,5542.4
1,1,0,0,1,0,1,0,1,1,1,0,3,8341
1,1,0,0,1,0,1,0,1,2,1,0,3,6636.6
1,1,0,0,1,0,1,0,1,3,1,0,3,6160.4
1,1,0,0,1,0,1,0,1,4,1,0,3,5477
1,1,0,0,1,0,1,0,1,1,2,0,3,8339.6
1,1,0,0,1,0,1,0,1,2,2,0,3,6568.6
1,1,0,0,1,0,1,0,1,3,2,0,3,5938.6
1,1,0,0,1,0,1,0,1,4,2,0,3,5729.6
1,1,0,0,1,0,1,0,1,1,0,5,3,8320.4
1,1,0,0,1,0,1,0,1,2,0,5,3,6511.8
1,1,0,0,1,0,1,0,1,3,0,5,3,5871.2
1,1,0,0,1,0,1,0,1,4,0,5,3,5777.6
1,1,0,0,1,0,1,0,1,1,1,5,3,8372.4
1,1,0,0,1,0,1,0,1,2,1,5,3,6452
1,1,0,0,1,0,1,0,1,3,1,5,3,6012.6
1,1,0,0,1,0,1,0,1,4,1,5,3,5474.2
1,1,0,0,1,0,1,0,1,1,2,5,3,8216.6
1,1,0,0,1,0,1,0,1,2,2,5,3,6451.2
1,1,0,0,1,0,1,0,1,3,2,5,3,5824.4
1,1,0,0,1,0,1,0,1,4,2,5,3,5575.6
1,1,0,0,1,0,1,0,1,1,0,15,3,8309.2
1,1,0,0,1,0,1,0,1,2,0,15,3,6400.8
1,1,0,0,1,0,1,0,1,3,0,15,3,6002.2
1,1,0,0,1,0,1,0,1,4,0,15,3,5521
1,1,0,0,1,0,1,0,1,1,1,15,3,8376
1,1,0,0,1,0,1,0,1,2,1,15,3,6482
1,1,0,0,1,0,1,0,1,3,1,15,3,6143.4
1,1,0,0,1,0,1,0,1,4,1,15,3,5828.6
1,1,0,0,1,0,1,0,1,1,2,15,3,8281
1,1,0,0,1,0,1,0,1,2,2,15,3,6514.2
1,1,0,0,1,0,1,0,1,3,2,15,3,5934.2
1,1,0,0,1,0,1,0,1,4,2,15,3,5672.4
1,1,0,0,1,0,1,0,1,1,0,0,6,8406.4
1,1,0,0,1,0,1,0,1,2,0,0,6,6581.6
1,1,0,0,1,0,1,0,1,3,0,0,6,5807
1,1,0,0,1,0,1,0,1,4,0,0,6,5601
1,1,0,0,1,0,1,0,1,1,1,0,6,8237.8
1,1,0,0,1,0,1,0,1,2,1,0,6,6775.2
1,1,0,0,1,0,1,0,1,3,1,0,6,5795.4
1,1,0,0,1,0,1,0,1,4,1,0,6,5784.2
1,1,0,0,1,0,1,0,1,1,2,0,6,8183.4
1,1,0,0,1,0,1,0,1,2,2,0,6,6449.8
1,1,0,0,1,0,1,0,1,3,2,0,6,5924.4
1,1,0,0,1,0,1,0,1,4,2,0,6,5842.8
1,1,0,0,1,0,1,0,1,1,0,5,6,8268.2
1,1,0,0,1,0,1,0,1,2,0,5,6,6310
1,1,0,0,1,0,1,0,1,3,0,5,6,5908.2
1,1,0,0,1,0,1,0,1,4,0,5,6,5589
1,1,0,0,1,0,1,0,1,1,1,5,6,8233.4
1,1,0,0,1,0,1,0,1,2,1,5,6,6492.4
1,1,0,0,1,0,1,0,1,3,1,5,6,5976.2
1,1,0,0,1,0,1,0,1,4,1,5,6,5626.2
1,1,0,0,1,0,1,0,1,1,2,5,6,8056
1,1,0,0,1,0,1,0,1,2,2,5,6,6493
1,1,0,0,1,0,1,0,1,3,2,5,6,5857
1,1,0,0,1,0,1,0,1,4,2,5,6,5717.8
1,1,0,0,1,0,1,0,1,1,0,15,6,8243.2
1,1,0,0,1,0,1,0,1,2,0,15,6,6513.4
1,1,0,0,1,0,1,0,1,3,0,15,6,5865.6
1,1,0,0,1,0,1,0,1,4,0,15,6,5559.6
1,1,0,0,1,0,1,0,1,1,1,15,6,8365.8
1,1,0,0,1,0,1,0,1,2,1,15,6,6499.8
1,1,0,0,1,0,1,0,1,3,1,15,6,5921.6
1,1,0,0,1,0,1,0,1,4,1,15,6,5596
1,1,0,0,1,0,1,0,1,1,2,15,6,8176.4
1,1,0,0,1,0,1,0,1,2,2,15,6,6348.4
1,1,0,0,1,0,1,0,1,3,2,15,6,5878
1,1,0,0,1,0,1,0,1,4,2,15,6,5788
1,1,0,0,1,1,0,1,0,1,0,0,0,7819.8
1,1,0,0,1,1,0,1,0,2,0,0,0,6234.8
1,1,0,0,1,1,0,1,0,3,0,0,0,5730.4
1,1,0,0,1,1,0,1,0,4,0,0,0,5566.4
1,1,0,0,1,1,0,1,0,1,1,0,0,7882.2
1,1,0,0,1,1,0,1,0,2,1,0,0,6237
1,1,0,0,1,1,0,1,0,3,1,0,0,5619.6
1,1,0,0,1,1,0,1,0,4,1,0,0,5484.8
1,1,0,0,1,1,0,1,0,1,2,0,0,7905.6
1,1,0,0,1,1,0,1,0,2,2,0,0,6353.8
1,1,0,0,1,1,0,1,0,3,2,0,0,5787
1,1,0,0,1,1,0,1,0,4,2,0,0,5518.6
1,1,0,0,1,1,0,1,1,1,0,0,0,7859.2
1,1,0,0,1,1,0,1,1,2,0,0,0,6375.4
1,1,0,0,1,1,0,1,1,3,0,0,0,5719.2
1,1,0,0,1,1,0,1,1,4,0,0,0,5570
1,1,0,0,1,1,0,1,1,1,1,0,0,7910.6
1,1,0,0,1,1,0,1,1,2,1,0,0,6318
1,1,0,0,1,1,0,1,1,3,1,0,0,5826.6
1,1,0,0,1,1,0,1,1,4,1,0,0,5525.8
1,1,0,0,1,1,0,1,1,1,2,0,0,8009.8
1,1,0,0,1,1,0,1,1,2,2,0,0,6479
1,1,0,0,1,1,0,1,1,3,2,0,0,5622.4
1,1,0,0,1,1,0,1,1,4,2,0,0,5452.2
1,1,0,0,1,1,1,0,0,1,0,0,0,7888.8
1,1,0,0,1,1,1,0,0,2,0,0,0,6490.4
1,1,0,0,1,1,1,0,0,3,0,0,0,5492.8
1,1,0,0,1,1,1,0,0,4,0,0,0,5370
1,1,0,0,1,1,1,0,0,1,1,0,0,7857.8
1,1,0,0,1,1,1,0,0,2,1,0,0,6331.4
1,1,0,0,1,1,1,0,0,3,1,0,0,5702.6
1,1,0,0,1,1,1,0,0,4,1,0,0,5467.2
1,1,0,0,1,1,1,0,0,1,2,0,0,7889.2
1,1,0,0,1,1,1,0,0,2,2,0,0,6296.8
1,1,0,0,1,1,1,0,0,3,2,0,0,5680.6
1,1,0,0,1,1,1,0,0,4,2,0,0,5371
1,1,0,0,1,1,1,0,0,1,0,5,0,7857
1,1,0,0,1,1,1,0,0,2,0,5,0,6288.2
1,1,0,0,1,1,1,0,0,3,0,5,0,5782.2
1,1,0,0,1,1,1,0,0,4,0,5,0,5440.4
1,1,0,0,1,1,1,0,0,1,1,5,0,7819.2
1,1,0,0,1,1,1,0,0,2,1,5,0,6402.4
1,1,0,0,1,1,1,0,0,3,1,5,0,5694.6
1,1,0,0,1,1,1,0,0,4,1,5,0,5386
1,1,0,0,1,1,1,0,0,1,2,5,0,7935.4
1,1,0,0,1,1,1,0,0,2,2,5,0,6293.2
1,1,0,0,1,1,1,0,0,3,2,5,0,5668.6
1,1,0,0,1,1,1,0,0,4,2,5,0,5566.6
1,1,0,0,1,1,1,0,0,1,0,15,0,7858
1,1,0,0,1,1,1,0,0,2,0,15,0,6468.6
1,1,0,0,1,1,1,0,0,3,0,15,0,5729.8
1,1,0,0,1,1,1,0,0,4,0,15,0,5503.8
1,1,0,0,1,1,1,0,0,1,1,15,0,7818
1,1,0,0,1,1,1,0,0,2,1,15,0,6372.6
1,1,0,0,1,1,1,0,0,3,1,15,0,5737.4
1,1,0,0,1,1,1,0,0,4,1,15,0,5267.4
1,1,0,0,1,1,1,0,0,1,2,15,0,8058.6
1,1,0,0,1,1,1,0,0,2,2,15,0,6384.6
1,1,0,0,1,1,1,0,0,3,2,15,0,5512
1,1,0,0,1,1,1,0,0,4,2,15,0,5420.8
1,1,0,0,1,1,1,0,0,1,0,0,3,8003
1,1,0,0,1,1,1,0,0,2,0,0,3,6273.6
1,1,0,0,1,1,1,0,0,3,0,0,3,5756.4
1,1,0,0,1,1,1,0,0,4,0,0,3,5417.4
1,1,0,0,1,1,1,0,0,1,1,0,3,8101.2
1,1,0,0,1,1,1,0,0,2,1,0,3,6440.4
1,1,0,0,1,1,1,0,0,3,1,0,3,5520
1,1,0,0,1,1,1,0,0,4,1,0,3,5441.4
1,1,0,0,1,1,1,0,0,1,2,0,3,7975.4
1,1,0,0,1,1,1,0,0,2,2,0,3,6290.6
1,1,0,0,1,1,1,0,0,3,2,0,3,5586
1,1,0,0,1,1,1,0,0,4,2,0,3,5603.4
1,1,0,0,1,1,1,0,0,1,0,5,3,7837
1,1,0,0,1,1,1,0,0,2,0,5,3,6379.8
1,1,0,0,1,1,1,0,0,3,0,5,3,5656.6
1,1,0,0,1,1,1,0,0,4,0,5,3,5649.4
1,1,0,0,1,1,1,0,0,1,1,5,3,8068.6
1,1,0,0,1,1,1,0,0,2,1,5,3,6167.8
1,1,0,0,1,1,1,0,0,3,1,5,3,5895.2
1,1,0,0,1,1,1,0,0,4,1,5,3,5330.4
1,1,0,0,1,1,1,0,0,1,2,5,3,7929.2
1,1,0,0,1,1,1,0,0,2,2,5,3,6474
1,1,0,0,1,1,1,0,0,3,2,5,3,5440
1,1,0,0,1,1,1,0,0,4,2,5,3,5366.6
1,1,0,0,1,1,1,0,0,1,0,15,3,7887.8
1,1,0,0,1,1,1,0,0,2,0,15,3,6335.8
1,1,0,0,1,1,1,0,0,3,0,15,3,5722.6
1,1,0,0,1,1,1,0,0,4,0,15,3,5594.6
1,1,0,0,1,1,1,0,0,1,1,15,3,7983.8
1,1,0,0,1,1,1,0,0,2,1,15,3,6113.6
1,1,0,0,1,1,1,0,0,3,1,15,3,5785.8
1,1,0,0,1,1,1,0,0,4,1,15,3,5255.8
1,1,0,0,1,1,1,0,0,1,2,15,3,7973.8
1,1,0,0,1,1,1,0,0,2,2,15,3,6302
1,1,0,0,1,1,1,0,0,3,2,15,3,5643.6
1,1,0,0,1,1,1,0,0,4,2,15,3,5400.2
1,1,0,0,1,1,1,0,0,1,0,0,6,7909.6
1,1,0,0,1,1,1,0,0,2,0,0,6,6351.2
1,1,0,0,1,1,1,0,0,3,0,0,6,5930
1,1,0,0,1,1,1,0,0,4,0,0,6,5384.8
1,1,0,0,1,1,1,0,0,1,1,0,6,7837.2
1,1,0,0,1,1,1,0,0,2,1,0,6,6242.2
1,1,0,0,1,1,1,0,0,3,1,0,6,5868
1,1,0,0,1,1,1,0,0,4,1,0,6,5396.6
1,1,0,0,1,1,1,0,0,1,2,0,6,7909.4
1,1,0,0,1,1,1,0,0,2,2,0,6,6240.8
1,1,0,0,1,1,1,0,0,3,2,0,6,5663.4
1,1,0,0,1,1,1,0,0,4,2,0,6,5376.6
1,1,0,0,1,1,1,0,0,1,0,5,6,7895.6
1,1,0,0,1,1,1,0,0,2,0,5,6,6301.2
1,1,0,0,1,1,1,0,0,3,0,5,6,5538.4
1,1,0,0,1,1,1,0,0,4,0,5,6,5436.6
1,1,0,0,1,1,1,0,0,1,1,5,6,7817.4
1,1,0,0,1,1,1,0,0,2,1,5,6,6235
1,1,0,0,1,1,1,0,0,3,1,5,6,5630.4
1,1,0,0,1,1,1,0,0,4,1,5,6,5443.8
1,1,0,0,1,1,1,0,0,1,2,5,6,7885.4
1,1,0,0,1,1,1,0,0,2,2,5,6,6422.8
1,1,0,0,1,1,1,0,0,3,2,5,6,5808.4
1,1,0,0,1,1,1,0,0,4,2,5,6,5436.2
1,1,0,0,1,1,1,0,0,1,0,15,6,7961
1,1,0,0,1,1,1,0,0,2,0,15,6,6290.8
1,1,0,0,1,1,1,0,0,3,0,15,6,5742.8
1,1,0,0,1,1,1,0,0,4,0,15,6,5618.2
1,1,0,0,1,1,1,0,0,1,1,15,6,7777.4
1,1,0,0,1,1,1,0,0,2,1,15,6,6372.6
1,1,0,0,1,1,1,0,0,3,1,15,6,5652.4
1,1,0,0,1,1,1,0,0,4,1,15,6,5401.6
1,1,0,0,1,1,1,0,0,1,2,15,6,7974.4
1,1,0,0,1,1,1,0,0,2,2,15,6,6293.6
1,1,0,0,1,1,1,0,0,3,2,15,6,5684.4
1,1,0,0,1,1,1,0,0,4,2,15,6,5419.6
1,1,0,0,1,1,1,0,1,1,0,0,0,8080.6
1,1,0,0,1,1,1,0,1,2,0,0,0,6273.2
1,1,0,0,1,1,1,0,1,3,0,0,0,5589
1,1,0,0,1,1,1,0,1,4,0,0,0,5293.4
1,1,0,0,1,1,1,0,1,1,1,0,0,7912.2
1,1,0,0,1,1,1,0,1,2,1,0,0,6255.6
1,1,0,0,1,1,1,0,1,3,1,0,0,5843.8
1,1,0,0,1,1,1,0,1,4,1,0,0,5493
1,1,0,0,1,1,1,0,1,1,2,0,0,7892.2
1,1,0,0,1,1,1,0,1,2,2,0,0,6261.6
1,1,0,0,1,1,1,0,1,3,2,0,0,5583.4
1,1,0,0,1,1,1,0,1,4,2,0,0,5456.8
1,1,0,0,1,1,1,0,1,1,0,5,0,7921.8
1,1,0,0,1,1,1,0,1,2,0,5,0,6343.6
1,1,0,0,1,1,1,0,1,3,0,5,0,5679.6
1,1,0,0,1,1,1,0,1,4,0,5,0,5466
1,1,0,0,1,1,1,0,1,1,1,5,0,7882
1,1,0,0,1,1,1,0,1,2,1,5,0,6516
1,1,0,0,1,1,1,0,1,3,1,5,0,5806
1,1,0,0,1,1,1,0,1,4,1,5,0,5478.8
1,1,0,0,1,1,1,0,1,1,2,5,0,7995.8
1,1,0,0,1,1,1,0,1,2,2,5,0,6318.2
1,1,0,0,1,1,1,0,1,3,2,5,0,5717.2
1,1,0,0,1,1,1,0,1,4,2,5,0,5314
1,1,0,0,1,1,1,0,1,1,0,15,0,7845.2
1,1,0,0,1,1,1,0,1,2,0,15,0,6260.4
1,1,0,0,1,1,1,0,1,3,0,15,0,5736.4
1,1,0,0,1,1,1,0,1,4,0,15,0,5394.2
1,1,0,0,1,1,1,0,1,1,1,15,0,7996.2
1,1,0,0,1,1,1,0,1,2,1,15,0,6368.6
1,1,0,0,1,1,1,0,1,3,1,15,0,5551
1,1,0,0,1,1,1,0,1,4,1,15,0,5563.4
1,1,0,0,1,1,1,0,1,1,2,15,0,7953
1,1,0,0,1,1,1,0,1,2,2,15,0,6530.4
1,1,0,0,1,1,1,0,1,3,2,15,0,5509.2
1,1,0,0,1,1,1,0,1,4,2,15,0,5183.8
1,1,0,0,1,1,1,0,1,1,0,0,3,7867.6
1,1,0,0,1,1,1,0,1,2,0,0,3,6251.4
1,1,0,0,1,1,1,0,1,3,0,0,3,5935.4
1,1,0,0,1,1,1,0,1,4,0,0,3,5435.8
1,1,0,0,1,1,1,0,1,1,1,0,3,7793.4
1,1,0,0,1,1,1,0,1,2,1,0,3,6450.4
1,1,0,0,1,1,1,0,1,3,1,0,3,5702.2
1,1,0,0,1,1,1,0,1,4,1,0,3,5398.4
1,1,0,0,1,1,1,0,1,1,2,0,3,8046.4
1,1,0,0,1,1,1,0,1,2,2,0,3,6202.4
1,1,0,0,1,1,1,0,1,3,2,0,3,5664.8
1,1,0,0,1,1,1,0,1,4,2,0,3,5374.6
1,1,0,0,1,1,1,0,1,1,0,5,3,7981.6
1,1,0,0,1,1,1,0,1,2,0,5,3,6237.6
1,1,0,0,1,1,1,0,1,3,0,5,3,5658.4
1,1,0,0,1,1,1,0,1,4,0,5,3,5462
1,1,0,0,1,1,1,0,1,1,1,5,3,7838.8
1,1,0,0,1,1,1,0,1,2,1,5,3,6158
1,1,0,0,1,1,1,0,1,3,1,5,3,5623.6
1,1,0,0,1,1,1,0,1,4,1,5,3,5537.2
1,1,0,0,1,1,1,0,1,1,2,5,3,8015.8
1,1,0,0,1,1,1,0,1,2,2,5,3,6476.4
1,1,0,0,1,1,1,0,1,3,2,5,3,5635.2
1,1,0,0,1,1,1,0,1,4,2,5,3,5378.6
1,1,0,0,1,1,1,0,1,1,0,15,3,7975.6
1,1,0,0,1,1,1,0,1,2,0,15,3,6337
1,1,0,0,1,1,1,0,1,3,0,15,3,5791.4
1,1,0,0,1,1,1,0,1,4,0,15,3,5595
1,1,0,0,1,1,1,0,1,1,1,15,3,7891
1,1,0,0,1,1,1,0,1,2,1,15,3,6532.8
1,1,0,0,1,1,1,0,1,3,1,15,3,5943.8
1,1,0,0,1,1,1,0,1,4,1,15,3,5517.2
1,1,0,0,1,1,1,0,1,1,2,15,3,7876.6
1,1,0,0,1,1,1,0,1,2,2,15,3,6427.6
1,1,0,0,1,1,1,0,1,3,2,15,3,5632.2
1,1,0,0,1,1,1,0,1,4,2,15,3,5467.4
1,1,0,0,1,1,1,0,1,1,0,0,6,7957.6
1,1,0,0,1,1,1,0,1,2,0,0,6,6265.6
1,1,0,0,1,1,1,0,1,3,0,0,6,5755
1,1,0,0,1,1,1,0,1,4,0,0,6,5477.2
1,1,0,0,1,1,1,0,1,1,1,0,6,7805.2
1,1,0,0,1,1,1,0,1,2,1,0,6,6300.6
1,1,0,0,1,1,1,0,1,3,1,0,6,5672.4
1,1,0,0,1,1,1,0,1,4,1,0,6,5464.6
1,1,0,0,1,1,1,0,1,1,2,0,6,7924.2
1,1,0,0,1,1,1,0,1,2,2,0,6,6304.2
1,1,0,0,1,1,1,0,1,3,2,0,6,5657.4
1,1,0,0,1,1,1,0,1,4,2,0,6,5388.2
1,1,0,0,1,1,1,0,1,1,0,5,6,7864.6
1,1,0,0,1,1,1,0,1,2,0,5,6,6362.2
1,1,0,0,1,1,1,0,1,3,0,5,6,5766.2
1,1,0,0,1,1,1,0,1,4,0,5,6,5355.2
1,1,0,0,1,1,1,0,1,1,1,5,6,7826.2
1,1,0,0,1,1,1,0,1,2,1,5,6,6412.8
1,1,0,0,1,1,1,0,1,3,1,5,6,5830.6
1,1,0,0,1,1,1,0,1,4,1,5,6,5443.6
1,1,0,0,1,1,1,0,1,1,2,5,6,7859.4
1,1,0,0,1,1,1,0,1,2,2,5,6,6324
1,1,0,0,1,1,1,0,1,3,2,5,6,5648.4
1,1,0,0,1,1,1,0,1,4,2,5,6,5272.2
1,1,0,0,1,1,1,0,1,1,0,15,6,7881.4
1,1,0,0,1,1,1,0,1,2,0,15,6,6082
1,1,0,0,1,1,1,0,1,3,0,15,6,5569.6
1,1,0,0,1,1,1,0,1,4,0,15,6,5217.6
1,1,0,0,1,1,1,0,1,1,1,15,6,7996.2
1,1,0,0,1,1,1,0,1,2,1,15,6,6341
1,1,0,0,1,1,1,0,1,3,1,15,6,5804
1,1,0,0,1,1,1,0,1,4,1,15,6,5441.8
1,1,0,0,1,1,1,0,1,1,2,15,6,7847
1,1,0,0,1,1,1,0,1,2,2,15,6,6370.2
1,1,0,0,1,1,1,0,1,3,2,15,6,5602
1,1,0,0,1,1,1,0,1,4,2,15,6,5579.2
1,1,0,1,0,0,0,1,0,1,0,0,0,46475.8
1,1,0,1,0,0,0,1,0,2,0,0,0,29565.2
1,1,0,1,0,0,0,1,0,3,0,0,0,24431.4
1,1,0,1,0,0,0,1,0,4,0,0,0,21447
1,1,0,1,0,0,0,1,0,1,1,0,0,46581.6
1,1,0,1,0,0,0,1,0,2,1,0,0,29546
1,1,0,1,0,0,0,1,0,3,1,0,0,24274.4
1,1,0,1,0,0,0,1,0,4,1,0,0,21521.8
1,1,0,1,0,0,0,1,0,1,2,0,0,46593.2
1,1,0,1,0,0,0,1,0,2,2,0,0,29605.6
1,1,0,1,0,0,0,1,0,3,2,0,0,24169
1,1,0,1,0,0,0,1,0,4,2,0,0,21341.8
1,1,0,1,0,0,0,1,1,1,0,0,0,46398.6
1,1,0,1,0,0,0,1,1,2,0,0,0,29464
1,1,0,1,0,0,0,1,1,3,0,0,0,24475
1,1,0,1,0,0,0,1,1,4,0,0,0,21439.6
1,1,0,1,0,0,0,1,1,1,1,0,0,46895.4
1,1,0,1,0,0,0,1,1,2,1,0,0,29585.8
1,1,0,1,0,0,0,1,1,3,1,0,0,24313.6
1,1,0,1,0,0,0,1,1,4,1,0,0,21562
1,1,0,1,0,0,0,1,1,1,2,0,0,46608.4
1,1,0,1,0,0,0,1,1,2,2,0,0,29504.2
1,1,0,1,0,0,0,1,1,3,2,0,0,24136.4
1,1,0,1,0,0,0,1,1,4,2,0,0,21451.8
1,1,0,1,0,0,1,0,0,1,0,0,0,46521.2
1,1,0,1,0,0,1,0,0,2,0,0,0,29734.4
1,1,0,1,0,0,1,0,0,3,0,0,0,24312.6
1,1,0,1,0,0,1,0,0,4,0,0,0,21523
1,1,0,1,0,0,1,0,0,1,1,0,0,46650.2
1,1,0,1,0,0,1,0,0,2,1,0,0,29773.2
1,1,0,1,0,0,1,0,0,3,1,0,0,24241.6
1,1,0,1,0,0,1,0,0,4,1,0,0,21532.4
1,1,0,1,0,0,1,0,0,1,2,0,0,46424.4
1,1,0,1,0,0,1,0,0,2,2,0,0,29534.2
1,1,0,1,0,0,1,0,0,3,2,0,0,24258.6
1,1,0,1,0,0,1,0,0,4,2,0,0,21376.4
1,1,0,1,0,0,1,0,0,1,0,5,0,46653
1,1,0,1,0,0,1,0,0,2,0,5,0,29504
1,1,0,1,0,0,1,0,0,3,0,5,0,24334.4
1,1,0,1,0,0,1,0,0,4,0,5,0,21561
1,1,0,1,0,0,1,0,0,1,1,5,0,46002.4
1,1,0,1,0,0,1,0,0,2,1,5,0,29576.6
1,1,0,1,0,0,1,0,0,3,1,5,0,24283.2
1,1,0,1,0,0,1,0,0,4,1,5,0,21604
1,1,0,1,0,0,1,0,0,1,2,5,0,46488.4
1,1,0,1,0,0,1,0,0,2,2,5,0,29222.2
1,1,0,1,0,0,1,0,0,3,2,5,0,23712
1,1,0,1,0,0,1,0,0,4,2,5,0,21363.2
1,1,0,1,0,0,1,0,0,1,0,15,0,46372.8
1,1,0,1,0,0,1,0,0,2,0,15,0,29570.6
1,1,0,1,0,0,1,0,0,3,0,15,0,24564.4
1,1,0,1,0,0,1,0,0,4,0,15,0,21062.4
1,1,0,1,0,0,1,0,0,1,1,15,0,46558
1,1,0,1,0,0,1,0,0,2,1,15,0,29665
1,1,0,1,0,0,1,0,0,3,1,15,0,24284.6
1,1,0,1,0,0,1,0,0,4,1,15,0,21455.6
1,1,0,1,0,0,1,0,0,1,2,15,0,46564.2
1,1,0,1,0,0,1,0,0,2,2,15,0,29572.8
1,1,0,1,0,0,1,0,0,3,2,15,0,24221.6
1,1,0,1,0,0,1,0,0,4,2,15,0,21316.2
1,1,0,1,0,0,1,0,0,1,0,0,3,46049
1,1,0,1,0,0,1,0,0,2,0,0,3,29408.8
1,1,0,1,0,0,1,0,0,3,0,0,3,24403.8
1,1,0,1,0,0,1,0,0,4,0,0,3,21466.4
1,1,0,1,0,0,1,0,0,1,1,0,3,46677.8
1,1,0,1,0,0,1,0,0,2,1,0,3,29501.4
1,1,0,1,0,0,1,0,0,3,1,0,3,24352.2
1,1,0,1,0,0,1,0,0,4,1,0,3,21542.6
1,1,0,1,0,0,1,0,0,1,2,0,3,46522.4
1,1,0,1,0,0,1,0,0,2,2,0,3,29153.6
1,1,0,1,0,0,1,0,0,3,2,0,3,24174.6
1,1,0,1,0,0,1,0,0,4,2,0,3,21418.2
1,1,0,1,0,0,1,0,0,1,0,5,3,46474.6
1,1,0,1,0,0,1,0,0,2,0,5,3,29462.2
1,1,0,1,0,0,1,0,0,3,0,5,3,24405.4
1,1,0,1,0,0,1,0,0,4,0,5,3,21496
1,1,0,1,0,0,1,0,0,1,1,5,3,46663.8
1,1,0,1,0,0,1,0,0,2,1,5,3,29757.8
1,1,0,1,0,0,1,0,0,3,1,5,3,24266.8
1,1,0,1,0,0,1,0,0,4,1,5,3,21599.8
1,1,0,1,0,0,1,0,0,1,2,5,3,46501.4
1,1,0,1,0,0,1,0,0,2,2,5,3,29455
1,1,0,1,0,0,1,0,0,3,2,5,3,24109.4
1,1,0,1,0,0,1,0,0,4,2,5,3,21474
1,1,0,1,0,0,1,0,0,1,0,15,3,46561.4
1,1,0,1,0,0,1,0,0,2,0,15,3,29510
1,1,0,1,0,0,1,0,0,3,0,15,3,24359.2
1,1,0,1,0,0,1,0,0,4,0,15,3,21576.4
1,1,0,1,0,0,1,0,0,1,1,15,3,46747.8
1,1,0,1,0,0,1,0,0,2,1,15,3,29612
1,1,0,1,0,0,1,0,0,3,1,15,3,24363
1,1,0,1,0,0,1,0,0,4,1,15,3,21117.2
1,1,0,1,0,0,1,0,0,1,2,15,3,46420.6
1,1,0,1,0,0,1,0,0,2,2,15,3,29621
1,1,0,1,0,0,1,0,0,3,2,15,3,24159.8
1,1,0,1,0,0,1,0,0,4,2,15,3,21513
1,1,0,1,0,0,1,0,0,1,0,0,6,45962
1,1,0,1,0,0,1,0,0,2,0,0,6,29057.8
1,1,0,1,0,0,1,0,0,3,0,0,6,24424.6
1,1,0,1,0,0,1,0,0,4,0,0,6,21323.2
1,1,0,1,0,0,1,0,0,1,1,0,6,46640.4
1,1,0,1,0,0,1,0,0,2,1,0,6,29593.8
1,1,0,1,0,0,1,0,0,3,1,0,6,24275.6
1,1,0,1,0,0,1,0,0,4,1,0,6,21607.8
1,1,0,1,0,0,1,0,0,1,2,0,6,46576
1,1,0,1,0,0,1,0,0,2,2,0,6,29585
1,1,0,1,0,0,1,0,0,3,2,0,6,24234.8
1,1,0,1,0,0,1,0,0,4,2,0,6,21445.2
1,1,0,1,0,0,1,0,0,1,0,5,6,46527.2
1,1,0,1,0,0,1,0,0,2,0,5,6,29481.4
1,1,0,1,0,0,1,0,0,3,0,5,6,24429.8
1,1,0,1,0,0,1,0,0,4,0,5,6,21358.6
1,1,0,1,0,0,1,0,0,1,1,5,6,46540.8
1,1,0,1,0,0,1,0,0,2,1,5,6,29721
1,1,0,1,0,0,1,0,0,3,1,5,6,24038.8
1,1,0,1,0,0,1,0,0,4,1,5,6,21178
1,1,0,1,0,0,1,0,0,1,2,5,6,46680.8
1,1,0,1,0,0,1,0,0,2,2,5,6,29569.6
1,1,0,1,0,0,1,0,0,3,2,5,6,24092.6
1,1,0,1,0,0,1,0,0,4,2,5,6,21377
1,1,0,1,0,0,1,0,0,1,0,15,6,46563.2
1,1,0,1,0,0,1,0,0,2,0,15,6,29446
1,1,0,1,0,0,1,0,0,3,0,15,6,24429.4
1,1,0,1,0,0,1,0,0,4,0,15,6,21111.4
1,1,0,1,0,0,1,0,0,1,1,15,6,46601.6
1,1,0,1,0,0,1,0,0,2,1,15,6,29612.4
1,1,0,1,0,0,1,0,0,3,1,15,6,24343
1,1,0,1,0,0,1,0,0,4,1,15,6,21458.8
1,1,0,1,0,0,1,0,0,1,2,15,6,46666.2
1,1,0,1,0,0,1,0,0,2,2,15,6,29554.2
1,1,0,1,0,0,1,0,0,3,2,15,6,24153.6
1,1,0,1,0,0,1,0,0,4,2,15,6,21392.2
1,1,0,1,0,0,1,0,1,1,0,0,0,46543
1,1,0,1,0,0,1,0,1,2,0,0,0,29608.8
1,1,0,1,0,0,1,0,1,3,0,0,0,24399.2
1,1,0,1,0,0,1,0,1,4,0,0,0,21373
1,1,0,1,0,0,1,0,1,1,1,0,0,46753.8
1,1,0,1,0,0,1,0,1,2,1,0,0,29649
1,1,0,1,0,0,1,0,1,3,1,0,0,24333.8
1,1,0,1,0,0,1,0,1,4,1,0,0,21651
1,1,0,1,0,0,1,0,1,1,2,0,0,46538.4
1,1,0,1,0,0,1,0,1,2,2,0,0,29773.4
1,1,0,1,0,0,1,0,1,3,2,0,0,24150.4
1,1,0,1,0,0,1,0,1,4,2,0,0,21414.4
1,1,0,1,0,0,1,0,1,1,0,5,0,46648.8
1,1,0,1,0,0,1,0,1,2,0,5,0,29555.2
1,1,0,1,0,0,1,0,1,3,0,5,0,24373.6
1,1,0,1,0,0,1,0,1,4,0,5,0,21480.6
1,1,0,1,0,0,1,0,1,1,1,5,0,46698.6
1,1,0,1,0,0,1,0,1,2,1,5,0,29497.8
1,1,0,1,0,0,1,0,1,3,1,5,0,24330
1,1,0,1,0,0,1,0,1,4,1,5,0,21527
1,1,0,1,0,0,1,0,1,1,2,5,0,45898.2
1,1,0,1,0,0,1,0,1,2,2,5,0,29652.2
1,1,0,1,0,0,1,0,1,3,2,5,0,24153.2
1,1,0,1,0,0,1,0,1,4,2,5,0,21000.4
1,1,0,1,0,0,1,0,1,1,0,15,0,46389.4
1,1,0,1,0,0,1,0,1,2,0,15,0,29015
1,1,0,1,0,0,1,0,1,3,0,15,0,24411.4
1,1,0,1,0,0,1,0,1,4,0,15,0,21399
1,1,0,1,0,0,1,0,1,1,1,15,0,46544.6
1,1,0,1,0,0,1,0,1,2,1,15,0,29657.2
1,1,0,1,0,0,1,0,1,3,1,15,0,24259.4
1,1,0,1,0,0,1,0,1,4,1,15,0,21604.4
1,1,0,1,0,0,1,0,1,1,2,15,0,46571
1,1,0,1,0,0,1,0,1,2,2,15,0,29647
1,1,0,1,0,0,1,0,1,3,2,15,0,24122.2
1,1,0,1,0,0,1,0,1,4,2,15,0,21354.4
1,1,0,1,0,0,1,0,1,1,0,0,3,46542.4
1,1,0,1,0,0,1,0,1,2,0,0,3,29451.4
1,1,0,1,0,0,1,0,1,3,0,0,3,24333.8
1,1,0,1,0,0,1,0,1,4,0,0,3,21434.4
1,1,0,1,0,0,1,0,1,1,1,0,3,46774.6
1,1,0,1,0,0,1,0,1,2,1,0,3,29203
1,1,0,1,0,0,1,0,1,3,1,0,3,24398.8
1,1,0,1,0,0,1,0,1,4,1,0,3,21102.2
1,1,0,1,0,0,1,0,1,1,2,0,3,46512.6
1,1,0,1,0,0,1,0,1,2,2,0,3,29640
1,1,0,1,0,0,1,0,1,3,2,0,3,24275
1,1,0,1,0,0,1,0,1,4,2,0,3,21410
1,1,0,1,0,0,1,0,1,1,0,5,3,46511.4
1,1,0,1,0,0,1,0,1,2,0,5,3,29197
1,1,0,1,0,0,1,0,1,3,0,5,3,24362.6
1,1,0,1,0,0,1,0,1,4,0,5,3,21485.4
1,1,0,1,0,0,1,0,1,1,1,5,3,46159.6
1,1,0,1,0,0,1,0,1,2,1,5,3,29595.4
1,1,0,1,0,0,1,0,1,3,1,5,3,24228.4
1,1,0,1,0,0,1,0,1,4,1,5,3,21513.4
1,1,0,1,0,0,1,0,1,1,2,5,3,46523
1,1,0,1,0,0,1,0,1,2,2,5,3,29631.2
1,1,0,1,0,0,1,0,1,3,2,5,3,24119.8
1,1,0,1,0,0,1,0,1,4,2,5,3,21458.4
1,1,0,1,0,0,1,0,1,1,0,15,3,46526.4
1,1,0,1,0,0,1,0,1,2,0,15,3,29520.2
1,1,0,1,0,0,1,0,1,3,0,15,3,24280
1,1,0,1,0,0,1,0,1,4,0,15,3,21511.2
1,1,0,1,0,0,1,0,1,1,1,15,3,46664.2
1,1,0,1,0,0,1,0,1,2,1,15,3,29121.6
1,1,0,1,0,0,1,0,1,3,1,15,3,24248
1,1,0,1,0,0,1,0,1,4,1,15,3,21549.2
1,1,0,1,0,0,1,0,1,1,2,15,3,46609.6
1,1,0,1,0,0,1,0,1,2,2,15,3,29699.2
1,1,0,1,0,0,1,0,1,3,2,15,3,24135.6
1,1,0,1,0,0,1,0,1,4,2,15,3,21183.2
1,1,0,1,0,0,1,0,1,1,0,0,6,46015.2
1,1,0,1,0,0,1,0,1,2,0,0,6,29574.8
1,1,0,1,0,0,1,0,1,3,0,0,6,24367.2
1,1,0,1,0,0,1,0,1,4,0,0,6,21425.8
1,1,0,1,0,0,1,0,1,1,1,0,6,46578.4
1,1,0,1,0,0,1,0,1,2,1,0,6,29196.8
1,1,0,1,0,0,1,0,1,3,1,0,6,24245.4
1,1,0,1,0,0,1,0,1,4,1,0,6,21636.4
1,1,0,1,0,0,1,0,1,1,2,0,6,46669.4
1,1,0,1,0,0,1,0,1,2,2,0,6,29499.6
1,1,0,1,0,0,1,0,1,3,2,0,6,24158.4
1,1,0,1,0,0,1,0,1,4,2,0,6,21469.4
1,1,0,1,0,0,1,0,1,1,0,5,6,46702.4
1,1,0,1,0,0,1,0,1,2,0,5,6,29437
1,1,0,1,0,0,1,0,1,3,0,5,6,24295.6
1,1,0,1,0,0,1,0,1,4,0,5,6,21441.4
1,1,0,1,0,0,1,0,1,1,1,5,6,46555
1,1,0,1,0,0,1,0,1,2,1,5,6,29608.8
1,1,0,1,0,0,1,0,1,3,1,5,6,24332.2
1,1,0,1,0,0,1,0,1,4,1,5,6,21047.2
1,1,0,1,0,0,1,0,1,1,2,5,6,46548.2
1,1,0,1,0,0,1,0,1,2,2,5,6,29609
1,1,0,1,0,0,1,0,1,3,2,5,6,24420.8
1,1,0,1,0,0,1,0,1,4,2,5,6,21413.4
1,1,0,1,0,0,1,0,1,1,0,15,6,46553.2
1,1,0,1,0,0,1,0,1,2,0,15,6,28918.2
1,1,0,1,0,0,1,0,1,3,0,15,6,24329.8
1,1,0,1,0,0,1,0,1,4,0,15,6,21442.2
1,1,0,1,0,0,1,0,1,1,1,15,6,46646.4
1,1,0,1,0,0,1,0,1,2,1,15,6,29103
1,1,0,1,0,0,1,0,1,3,1,15,6,23812.2
1,1,0,1,0,0,1,0,1,4,1,15,6,21503.2
1,1,0,1,0,0,1,0,1,1,2,15,6,45907.4
1,1,0,1,0,0,1,0,1,2,2,15,6,29783
1,1,0,1,0,0,1,0,1,3,2,15,6,24163.6
1,1,0,1,0,0,1,0,1,4,2,15,6,21504.8
1,1,0,1,0,1,0,1,0,1,0,0,0,48600
1,1,0,1,0,1,0,1,0,2,0,0,0,29914.8
1,1,0,1,0,1,0,1,0,3,0,0,0,24574.8
1,1,0,1,0,1,0,1,0,4,0,0,0,21637.8
1,1,0,1,0,1,0,1,0,1,1,0,0,49172
1,1,0,1,0,1,0,1,0,2,1,0,0,29815.2
1,1,0,1,0,1,0,1,0,3,1,0,0,24557.6
1,1,0,1,0,1,0,1,0,4,1,0,0,22090
1,1,0,1,0,1,0,1,0,1,2,0,0,48173.6
1,1,0,1,0,1,0,1,0,2,2,0,0,29024
1,1,0,1,0,1,0,1,0,3,2,0,0,24724.2
1,1,0,1,0,1,0,1,0,4,2,0,0,21970.6
1,1,0,1,0,1,0,1,1,1,0,0,0,48632.8
1,1,0,1,0,1,0,1,1,2,0,0,0,29957.6
1,1,0,1,0,1,0,1,1,3,0,0,0,24692.2
1,1,0,1,0,1,0,1,1,4,0,0,0,22078.6
1,1,0,1,0,1,0,1,1,1,1,0,0,49061.6
1,1,0,1,0,1,0,1,1,2,1,0,0,29763.4
1,1,0,1,0,1,0,1,1,3,1,0,0,24682
1,1,0,1,0,1,0,1,1,4,1,0,0,22267
1,1,0,1,0,1,0,1,1,1,2,0,0,48156.8
1,1,0,1,0,1,0,1,1,2,2,0,0,28948
1,1,0,1,0,1,0,1,1,3,2,0,0,24769.2
1,1,0,1,0,1,0,1,1,4,2,0,0,22082.4
1,1,0,1,0,1,1,0,0,1,0,0,0,48798.8
1,1,0,1,0,1,1,0,0,2,0,0,0,29996
1,1,0,1,0,1,1,0,0,3,0,0,0,24772.4
1,1,0,1,0,1,1,0,0,4,0,0,0,22026.4
1,1,0,1,0,1,1,0,0,1,1,0,0,49028.8
1,1,0,1,0,1,1,0,0,2,1,0,0,29702.8
1,1,0,1,0,1,1,0,0,3,1,0,0,24640
1,1,0,1,0,1,1,0,0,4,1,0,0,22031.6
1,1,0,1,0,1,1,0,0,1,2,0,0,48138.6
1,1,0,1,0,1,1,0,0,2,2,0,0,28865.6
1,1,0,1,0,1,1,0,0,3,2,0,0,24787.6
1,1,0,1,0,1,1,0,0,4,2,0,0,21852.8
1,1,0,1,0,1,1,0,0,1,0,5,0,48652
1,1,0,1,0,1,1,0,0,2,0,5,0,29989.2
1,1,0,1,0,1,1,0,0,3,0,5,0,24589.4
1,1,0,1,0,1,1,0,0,4,0,5,0,22077.6
1,1,0,1,0,1,1,0,0,1,1,5,0,49101.8
1,1,0,1,0,1,1,0,0,2,1,5,0,29679.8
1,1,0,1,0,1,1,0,0,3,1,5,0,24503
1,1,0,1,0,1,1,0,0,4,1,5,0,22038.4
1,1,0,1,0,1,1,0,0,1,2,5,0,48144.4
1,1,0,1,0,1,1,0,0,2,2,5,0,28945
1,1,0,1,0,1,1,0,0,3,2,5,0,24154.6
1,1,0,1,0,1,1,0,0,4,2,5,0,22121
1,1,0,1,0,1,1,0,0,1,0,15,0,48611.8
1,1,0,1,0,1,1,0,0,2,0,15,0,29630.8
1,1,0,1,0,1,1,0,0,3,0,15,0,24653
1,1,0,1,0,1,1,0,0,4,0,15,0,22058.6
1,1,0,1,0,1,1,0,0,1,1,15,0,49277.8
1,1,0,1,0,1,1,0,0,2,1,15,0,29356.6
1,1,0,1,0,1,1,0,0,3,1,15,0,24626.6
1,1,0,1,0,1,1,0,0,4,1,15,0,22012.4
1,1,0,1,0,1,1,0,0,1,2,15,0,48284.4
1,1,0,1,0,1,1,0,0,2,2,15,0,29102
1,1,0,1,0,1,1,0,0,3,2,15,0,24209.8
1,1,0,1,0,1,1,0,0,4,2,15,0,21834
1,1,0,1,0,1,1,0,0,1,0,0,3,47907.6
1,1,0,1,0,1,1,0,0,2,0,0,3,29710
1,1,0,1,0,1,1,0,0,3,0,0,3,24603.6
1,1,0,1,0,1,1,0,0,4,0,0,3,22038.4
1,1,0,1,0,1,1,0,0,1,1,0,3,49049.4
1,1,0,1,0,1,1,0,0,2,1,0,3,29152
1,1,0,1,0,1,1,0,0,3,1,0,3,24540.8
1,1,0,1,0,1,1,0,0,4,1,0,3,22018.6
1,1,0,1,0,1,1,0,0,1,2,0,3,48161.8
1,1,0,1,0,1,1,0,0,2,2,0,3,29023.6
1,1,0,1,0,1,1,0,0,3,2,0,3,24689.4
1,1,0,1,0,1,1,0,0,4,2,0,3,21965
1,1,0,1,0,1,1,0,0,1,0,5,3,48645.4
1,1,0,1,0,1,1,0,0,2,0,5,3,30206.8
1,1,0,1,0,1,1,0,0,3,0,5,3,24622.6
1,1,0,1,0,1,1,0,0,4,0,5,3,22068.2
1,1,0,1,0,1,1,0,0,1,1,5,3,49132.6
1,1,0,1,0,1,1,0,0,2,1,5,3,29659
1,1,0,1,0,1,1,0,0,3,1,5,3,24618.8
1,1,0,1,0,1,1,0,0,4,1,5,3,22070.2
1,1,0,1,0,1,1,0,0,1,2,5,3,48158.4
1,1,0,1,0,1,1,0,0,2,2,5,3,28899.8
1,1,0,1,0,1,1,0,0,3,2,5,3,24782
1,1,0,1,0,1,1,0,0,4,2,5,3,21998.4
1,1,0,1,0,1,1,0,0,1,0,15,3,48645
1,1,0,1,0,1,1,0,0,2,0,15,3,30121.4
1,1,0,1,0,1,1,0,0,3,0,15,3,24665.2
1,1,0,1,0,1,1,0,0,4,0,15,3,21690.2
1,1,0,1,0,1,1,0,0,1,1,15,3,49243.8
1,1,0,1,0,1,1,0,0,2,1,15,3,29829.2
1,1,0,1,0,1,1,0,0,3,1,15,3,24650.4
1,1,0,1,0,1,1,0,0,4,1,15,3,21966.6
1,1,0,1,0,1,1,0,0,1,2,15,3,48373.8
1,1,0,1,0,1,1,0,0,2,2,15,3,28865.2
1,1,0,1,0,1,1,0,0,3,2,15,3,24760.8
1,1,0,1,0,1,1,0,0,4,2,15,3,21947
1,1,0,1,0,1,1,0,0,1,0,0,6,48686.6
1,1,0,1,0,1,1,0,0,2,0,0,6,29936.4
1,1,0,1,0,1,1,0,0,3,0,0,6,24509.6
1,1,0,1,0,1,1,0,0,4,0,0,6,22168.2
1,1,0,1,0,1,1,0,0,1,1,0,6,49150
1,1,0,1,0,1,1,0,0,2,1,0,6,29802.4
1,1,0,1,0,1,1,0,0,3,1,0,6,24841.2
1,1,0,1,0,1,1,0,0,4,1,0,6,22068.6
1,1,0,1,0,1,1,0,0,1,2,0,6,48156.4
1,1,0,1,0,1,1,0,0,2,2,0,6,29132.8
1,1,0,1,0,1,1,0,0,3,2,0,6,24311.6
1,1,0,1,0,1,1,0,0,4,2,0,6,21959.8
1,1,0,1,0,1,1,0,0,1,0,5,6,48715.2
1,1,0,1,0,1,1,0,0,2,0,5,6,29607.4
1,1,0,1,0,1,1,0,0,3,0,5,6,24615.2
1,1,0,1,0,1,1,0,0,4,0,5,6,22097.6
1,1,0,1,0,1,1,0,0,1,1,5,6,49132.4
1,1,0,1,0,1,1,0,0,2,1,5,6,29747.2
1,1,0,1,0,1,1,0,0,3,1,5,6,24605.8
1,1,0,1,0,1,1,0,0,4,1,5,6,22117.8
1,1,0,1,0,1,1,0,0,1,2,5,6,48149.4
1,1,0,1,0,1,1,0,0,2,2,5,6,29049.4
1,1,0,1,0,1,1,0,0,3,2,5,6,24900.6
1,1,0,1,0,1,1,0,0,4,2,5,6,21856
1,1,0,1,0,1,1,0,0,1,0,15,6,48824.2
1,1,0,1,0,1,1,0,0,2,0,15,6,30011.2
1,1,0,1,0,1,1,0,0,3,0,15,6,24566.2
1,1,0,1,0,1,1,0,0,4,0,15,6,21705.8
1,1,0,1,0,1,1,0,0,1,1,15,6,48976.2
1,1,0,1,0,1,1,0,0,2,1,15,6,29730.4
1,1,0,1,0,1,1,0,0,3,1,15,6,24535.6
1,1,0,1,0,1,1,0,0,4,1,15,6,22118.8
1,1,0,1,0,1,1,0,0,1,2,15,6,48145.2
1,1,0,1,0,1,1,0,0,2,2,15,6,28876.4
1,1,0,1,0,1,1,0,0,3,2,15,6,24696
1,1,0,1,0,1,1,0,0,4,2,15,6,22039.6
1,1,0,1,0,1,1,0,1,1,0,0,0,48680.6
1,1,0,1,0,1,1,0,1,2,0,0,0,30050
1,1,0,1,0,1,1,0,1,3,0,0,0,24688.4
1,1,0,1,0,1,1,0,1,4,0,0,0,22067
1,1,0,1,0,1,1,0,1,1,1,0,0,49173.8
1,1,0,1,0,1,1,0,1,2,1,0,0,29661
1,1,0,1,0,1,1,0,1,3,1,0,0,24668.6
1,1,0,1,0,1,1,0,1,4,1,0,0,22078.2
1,1,0,1,0,1,1,0,1,1,2,0,0,48060.8
1,1,0,1,0,1,1,0,1,2,2,0,0,28850.8
1,1,0,1,0,1,1,0,1,3,2,0,0,24590.6
1,1,0,1,0,1,1,0,1,4,2,0,0,21978.4
1,1,0,1,0,1,1,0,1,1,0,5,0,48806.2
1,1,0,1,0,1,1,0,1,2,0,5,0,30031
1,1,0,1,0,1,1,0,1,3,0,5,0,24700.2
1,1,0,1,0,1,1,0,1,4,0,5,0,22121
1,1,0,1,0,1,1,0,1,1,1,5,0,48956
1,1,0,1,0,1,1,0,1,2,1,5,0,29671.2
1,1,0,1,0,1,1,0,1,3,1,5,0,24673.6
1,1,0,1,0,1,1,0,1,4,1,5,0,22126.4
1,1,0,1,0,1,1,0,1,1,2,5,0,48059.4
1,1,0,1,0,1,1,0,1,2,2,5,0,28412.2
1,1,0,1,0,1,1,0,1,3,2,5,0,24829.8
1,1,0,1,0,1,1,0,1,4,2,5,0,21547.4
1,1,0,1,0,1,1,0,1,1,0,15,0,48585
1,1,0,1,0,1,1,0,1,2,0,15,0,30034.6
1,1,0,1,0,1,1,0,1,3,0,15,0,24631.6
1,1,0,1,0,1,1,0,1,4,0,15,0,22049.8
1,1,0,1,0,1,1,0,1,1,1,15,0,49150.8
1,1,0,1,0,1,1,0,1,2,1,15,0,29704
1,1,0,1,0,1,1,0,1,3,1,15,0,24632.2
1,1,0,1,0,1,1,0,1,4,1,15,0,21985
1,1,0,1,0,1,1,0,1,1,2,15,0,48074.2
1,1,0,1,0,1,1,0,1,2,2,15,0,29030.6
1,1,0,1,0,1,1,0,1,3,2,15,0,24687.6
1,1,0,1,0,1,1,0,1,4,2,15,0,21903.2
1,1,0,1,0,1,1,0,1,1,0,0,3,48636.4
1,1,0,1,0,1,1,0,1,2,0,0,3,30027
1,1,0,1,0,1,1,0,1,3,0,0,3,24621.6
1,1,0,1,0,1,1,0,1,4,0,0,3,22133.6
1,1,0,1,0,1,1,0,1,1,1,0,3,49292.6
1,1,0,1,0,1,1,0,1,2,1,0,3,29692.2
1,1,0,1,0,1,1,0,1,3,1,0,3,24619.2
1,1,0,1,0,1,1,0,1,4,1,0,3,22184.4
1,1,0,1,0,1,1,0,1,1,2,0,3,48260
1,1,0,1,0,1,1,0,1,2,2,0,3,28987
1,1,0,1,0,1,1,0,1,3,2,0,3,24713
1,1,0,1,0,1,1,0,1,4,2,0,3,21628.8
1,1,0,1,0,1,1,0,1,1,0,5,3,48619
1,1,0,1,0,1,1,0,1,2,0,5,3,29969.2
1,1,0,1,0,1,1,0,1,3,0,5,3,24619.2
1,1,0,1,0,1,1,0,1,4,0,5,3,22080.2
1,1,0,1,0,1,1,0,1,1,1,5,3,49173.8
1,1,0,1,0,1,1,0,1,2,1,5,3,29772.8
1,1,0,1,0,1,1,0,1,3,1,5,3,24631.8
1,1,0,1,0,1,1,0,1,4,1,5,3,22080.4
1,1,0,1,0,1,1,0,1,1,2,5,3,48104.2
1,1,0,1,0,1,1,0,1,2,2,5,3,28964.8
1,1,0,1,0,1,1,0,1,3,2,5,3,24211.2
1,1,0,1,0,1,1,0,1,4,2,5,3,21968.6
1,1,0,1,0,1,1,0,1,1,0,15,3,48779
1,1,0,1,0,1,1,0,1,2,0,15,3,29446.6
1,1,0,1,0,1,1,0,1,3,0,15,3,24659.8
1,1,0,1,0,1,1,0,1,4,0,15,3,22005.4
1,1,0,1,0,1,1,0,1,1,1,15,3,49252
1,1,0,1,0,1,1,0,1,2,1,15,3,29337.4
1,1,0,1,0,1,1,0,1,3,1,15,3,24761.4
1,1,0,1,0,1,1,0,1,4,1,15,3,22186.2
1,1,0,1,0,1,1,0,1,1,2,15,3,48152.6
1,1,0,1,0,1,1,0,1,2,2,15,3,29126.4
1,1,0,1,0,1,1,0,1,3,2,15,3,24686
1,1,0,1,0,1,1,0,1,4,2,15,3,22006.4
1,1,0,1,0,1,1,0,1,1,0,0,6,48713.2
1,1,0,1,0,1,1,0,1,2,0,0,6,30053.4
1,1,0,1,0,1,1,0,1,3,0,0,6,24559.2
1,1,0,1,0,1,1,0,1,4,0,0,6,21948.4
1,1,0,1,0,1,1,0,1,1,1,0,6,49217.6
1,1,0,1,0,1,1,0,1,2,1,0,6,29700
1,1,0,1,0,1,1,0,1,3,1,0,6,24589.8
1,1,0,1,0,1,1,0,1,4,1,0,6,22046.4
1,1,0,1,0,1,1,0,1,1,2,0,6,47989.6
1,1,0,1,0,1,1,0,1,2,2,0,6,28967.2
1,1,0,1,0,1,1,0,1,3,2,0,6,24712.4
1,1,0,1,0,1,1,0,1,4,2,0,6,21565.4
1,1,0,1,0,1,1,0,1,1,0,5,6,48825.2
1,1,0,1,0,1,1,0,1,2,0,5,6,29744.6
1,1,0,1,0,1,1,0,1,3,0,5,6,23637.6
1,1,0,1,0,1,1,0,1,4,0,5,6,22205.8
1,1,0,1,0,1,1,0,1,1,1,5,6,49118.8
1,1,0,1,0,1,1,0,1,2,1,5,6,29705.8
1,1,0,1,0,1,1,0,1,3,1,5,6,24612.4
1,1,0,1,0,1,1,0,1,4,1,5,6,22072.2
1,1,0,1,0,1,1,0,1,1,2,5,6,48108.8
1,1,0,1,0,1,1,0,1,2,2,5,6,28919.2
1,1,0,1,0,1,1,0,1,3,2,5,6,24672.4
1,1,0,1,0,1,1,0,1,4,2,5,6,21968.8
1,1,0,1,0,1,1,0,1,1,0,15,6,48764.4
1,1,0,1,0,1,1,0,1,2,0,15,6,30053.4
1,1,0,1,0,1,1,0,1,3,0,15,6,24746.2
1,1,0,1,0,1,1,0,1,4,0,15,6,22010
1,1,0,1,0,1,1,0,1,1,1,15,6,49121.2
1,1,0,1,0,1,1,0,1,2,1,15,6,29759.4
1,1,0,1,0,1,1,0,1,3,1,15,6,24693
1,1,0,1,0,1,1,0,1,4,1,15,6,22028
1,1,0,1,0,1,1,0,1,1,2,15,6,48201.2
1,1,0,1,0,1,1,0,1,2,2,15,6,28985.4
1,1,0,1,0,1,1,0,1,3,2,15,6,24650.4
1,1,0,1,0,1,1,0,1,4,2,15,6,21914.8
1,1,1,0,0,0,0,1,0,1,0,0,0,58598.2
1,1,1,0,0,0,0,1,0,2,0,0,0,36209.8
1,1,1,0,0,0,0,1,0,3,0,0,0,29117.8
1,1,1,0,0,0,0,1,0,4,0,0,0,25629.2
1,1,1,0,0,0,0,1,0,1,1,0,0,58428
1,1,1,0,0,0,0,1,0,2,1,0,0,36220
1,1,1,0,0,0,0,1,0,3,1,0,0,28971.6
1,1,1,0,0,0,0,1,0,4,1,0,0,25787.6
1,1,1,0,0,0,0,1,0,1,2,0,0,58763
1,1,1,0,0,0,0,1,0,2,2,0,0,35931.2
1,1,1,0,0,0,0,1,0,3,2,0,0,28353.6
1,1,1,0,0,0,0,1,0,4,2,0,0,25235.4
1,1,1,0,0,0,0,1,1,1,0,0,0,58690.8
1,1,1,0,0,0,0,1,1,2,0,0,0,36121
1,1,1,0,0,0,0,1,1,3,0,0,0,29073.6
1,1,1,0,0,0,0,1,1,4,0,0,0,25611.2
1,1,1,0,0,0,0,1,1,1,1,0,0,58466
1,1,1,0,0,0,0,1,1,2,1,0,0,36040.8
1,1,1,0,0,0,0,1,1,3,1,0,0,29093.2
1,1,1,0,0,0,0,1,1,4,1,0,0,25846
1,1,1,0,0,0,0,1,1,1,2,0,0,58116.4
1,1,1,0,0,0,0,1,1,2,2,0,0,35867.8
1,1,1,0,0,0,0,1,1,3,2,0,0,28801
1,1,1,0,0,0,0,1,1,4,2,0,0,25096.4
1,1,1,0,0,0,1,0,0,1,0,0,0,58625.4
1,1,1,0,0,0,1,0,0,2,0,0,0,35666.2
1,1,1,0,0,0,1,0,0,3,0,0,0,28949.6
1,1,1,0,0,0,1,0,0,4,0,0,0,25656.8
1,1,1,0,0,0,1,0,0,1,1,0,0,58484.2
1,1,1,0,0,0,1,0,0,2,1,0,0,35634
1,1,1,0,0,0,1,0,0,3,1,0,0,29182
1,1,1,0,0,0,1,0,0,4,1,0,0,25698.4
1,1,1,0,0,0,1,0,0,1,2,0,0,58840.8
1,1,1,0,0,0,1,0,0,2,2,0,0,35964.4
1,1,1,0,0,0,1,0,0,3,2,0,0,28870.8
1,1,1,0,0,0,1,0,0,4,2,0,0,25178.2
1,1,1,0,0,0,1,0,0,1,0,5,0,58650.2
1,1,1,0,0,0,1,0,0,2,0,5,0,36064.2
1,1,1,0,0,0,1,0,0,3,0,5,0,29118.8
1,1,1,0,0,0,1,0,0,4,0,5,0,25704.4
1,1,1,0,0,0,1,0,0,1,1,5,0,58535.4
1,1,1,0,0,0,1,0,0,2,1,5,0,36046.4
1,1,1,0,0,0,1,0,0,3,1,5,0,29038
1,1,1,0,0,0,1,0,0,4,1,5,0,25721.4
1,1,1,0,0,0,1,0,0,1,2,5,0,58066
1,1,1,0,0,0,1,0,0,2,2,5,0,36000
1,1,1,0,0,0,1,0,0,3,2,5,0,28926.2
1,1,1,0,0,0,1,0,0,4,2,5,0,25201.6
1,1,1,0,0,0,1,0,0,1,0,15,0,58589.8
1,1,1,0,0,0,1,0,0,2,0,15,0,36181.8
1,1,1,0,0,0,1,0,0,3,0,15,0,29103
1,1,1,0,0,0,1,0,0,4,0,15,0,25571.4
1,1,1,0,0,0,1,0,0,1,1,15,0,58346
1,1,1,0,0,0,1,0,0,2,1,15,0,36080.6
1,1,1,0,0,0,1,0,0,3,1,15,0,29043.8
1,1,1,0,0,0,1,0,0,4,1,15,0,25716
1,1,1,0,0,0,1,0,0,1,2,15,0,58839
1,1,1,0,0,0,1,0,0,2,2,15,0,35830
1,1,1,0,0,0,1,0,0,3,2,15,0,28325.2
1,1,1,0,0,0,1,0,0,4,2,15,0,25237.2
1,1,1,0,0,0,1,0,0,1,0,0,3,58079.6
1,1,1,0,0,0,1,0,0,2,0,0,3,36167
1,1,1,0,0,0,1,0,0,3,0,0,3,29069.8
1,1,1,0,0,0,1,0,0,4,0,0,3,25577.4
1,1,1,0,0,0,1,0,0,1,1,0,3,58462.8
1,1,1,0,0,0,1,0,0,2,1,0,3,36015.2
1,1,1,0,0,0,1,0,0,3,1,0,3,28396.8
1,1,1,0,0,0,1,0,0,4,1,0,3,25113.8
1,1,1,0,0,0,1,0,0,1,2,0,3,58776.6
1,1,1,0,0,0,1,0,0,2,2,0,3,35471.2
1,1,1,0,0,0,1,0,0,3,2,0,3,28425
1,1,1,0,0,0,1,0,0,4,2,0,3,25153.6
1,1,1,0,0,0,1,0,0,1,0,5,3,58789.8
1,1,1,0,0,0,1,0,0,2,0,5,3,36257.2
1,1,1,0,0,0,1,0,0,3,0,5,3,29074.8
1,1,1,0,0,0,1,0,0,4,0,5,3,25719.2
1,1,1,0,0,0,1,0,0,1,1,5,3,58479.4
1,1,1,0,0,0,1,0,0,2,1,5,3,36032
1,1,1,0,0,0,1,0,0,3,1,5,3,29072.8
1,1,1,0,0,0,1,0,0,4,1,5,3,25837.6
1,1,1,0,0,0,1,0,0,1,2,5,3,58826.8
1,1,1,0,0,0,1,0,0,2,2,5,3,35877
1,1,1,0,0,0,1,0,0,3,2,5,3,28831.4
1,1,1,0,0,0,1,0,0,4,2,5,3,25206.2
1,1,1,0,0,0,1,0,0,1,0,15,3,57852.8
1,1,1,0,0,0,1,0,0,2,0,15,3,36137
1,1,1,0,0,0,1,0,0,3,0,15,3,29024.8
1,1,1,0,0,0,1,0,0,4,0,15,3,25940
1,1,1,0,0,0,1,0,0,1,1,15,3,58300.2
1,1,1,0,0,0,1,0,0,2,1,15,3,36270
1,1,1,0,0,0,1,0,0,3,1,15,3,29065
1,1,1,0,0,0,1,0,0,4,1,15,3,25700.2
1,1,1,0,0,0,1,0,0,1,2,15,3,58699
1,1,1,0,0,0,1,0,0,2,2,15,3,35950.8
1,1,1,0,0,0,1,0,0,3,2,15,3,28468.2
1,1,1,0,0,0,1,0,0,4,2,15,3,25149.2
1,1,1,0,0,0,1,0,0,1,0,0,6,58578.4
1,1,1,0,0,0,1,0,0,2,0,0,6,36226.6
1,1,1,0,0,0,1,0,0,3,0,0,6,28924.6
1,1,1,0,0,0,1,0,0,4,0,0,6,25675.2
1,1,1,0,0,0,1,0,0,1,1,0,6,58358
1,1,1,0,0,0,1,0,0,2,1,0,6,36129.4
1,1,1,0,0,0,1,0,0,3,1,0,6,29025.4
1,1,1,0,0,0,1,0,0,4,1,0,6,25671
1,1,1,0,0,0,1,0,0,1,2,0,6,58711.8
1,1,1,0,0,0,1,0,0,2,2,0,6,35943
1,1,1,0,0,0,1,0,0,3,2,0,6,28975
1,1,1,0,0,0,1,0,0,4,2,0,6,25136.8
1,1,1,0,0,0,1,0,0,1,0,5,6,58747.6
1,1,1,0,0,0,1,0,0,2,0,5,6,36258.4
1,1,1,0,0,0,1,0,0,3,0,5,6,29123.4
1,1,1,0,0,0,1,0,0,4,0,5,6,25799.8
1,1,1,0,0,0,1,0,0,1,1,5,6,57701.4
1,1,1,0,0,0,1,0,0,2,1,5,6,36105
1,1,1,0,0,0,1,0,0,3,1,5,6,29028
1,1,1,0,0,0,1,0,0,4,1,5,6,25680.2
1,1,1,0,0,0,1,0,0,1,2,5,6,58930
1,1,1,0,0,0,1,0,0,2,2,5,6,35483.2
1,1,1,0,0,0,1,0,0,3,2,5,6,28470.2
1,1,1,0,0,0,1,0,0,4,2,5,6,25204.2
1,1,1,0,0,0,1,0,0,1,0,15,6,58784
1,1,1,0,0,0,1,0,0,2,0,15,6,36197.8
1,1,1,0,0,0,1,0,0,3,0,15,6,28955.6
1,1,1,0,0,0,1,0,0,4,0,15,6,25549.6
1,1,1,0,0,0,1,0,0,1,1,15,6,58394.8
1,1,1,0,0,0,1,0,0,2,1,15,6,35995.4
1,1,1,0,0,0,1,0,0,3,1,15,6,29084.6
1,1,1,0,0,0,1,0,0,4,1,15,6,25743
1,1,1,0,0,0,1,0,0,1,2,15,6,58951.2
1,1,1,0,0,0,1,0,0,2,2,15,6,36055.8
1,1,1,0,0,0,1,0,0,3,2,15,6,28880.6
1,1,1,0,0,0,1,0,0,4,2,15,6,25187.2
1,1,1,0,0,0,1,0,1,1,0,0,0,58688.8
1,1,1,0,0,0,1,0,1,2,0,0,0,36192.6
1,1,1,0,0,0,1,0,1,3,0,0,0,29152
1,1,1,0,0,0,1,0,1,4,0,0,0,25708.6
1,1,1,0,0,0,1,0,1,1,1,0,0,58474.8
1,1,1,0,0,0,1,0,1,2,1,0,0,35655.2
1,1,1,0,0,0,1,0,1,3,1,0,0,29086.2
1,1,1,0,0,0,1,0,1,4,1,0,0,25796.2
1,1,1,0,0,0,1,0,1,1,2,0,0,58776.2
1,1,1,0,0,0,1,0,1,2,2,0,0,35905
1,1,1,0,0,0,1,0,1,3,2,0,0,28953.6
1,1,1,0,0,0,1,0,1,4,2,0,0,25121.6
1,1,1,0,0,0,1,0,1,1,0,5,0,58541.8
1,1,1,0,0,0,1,0,1,2,0,5,0,35567.2
1,1,1,0,0,0,1,0,1,3,0,5,0,29150.8
1,1,1,0,0,0,1,0,1,4,0,5,0,25698.8
1,1,1,0,0,0,1,0,1,1,1,5,0,58508
1,1,1,0,0,0,1,0,1,2,1,5,0,36045.6
1,1,1,0,0,0,1,0,1,3,1,5,0,28520.2
1,1,1,0,0,0,1,0,1,4,1,5,0,25785.6
1,1,1,0,0,0,1,0,1,1,2,5,0,58750
1,1,1,0,0,0,1,0,1,2,2,5,0,36103.8
1,1,1,0,0,0,1,0,1,3,2,5,0,28870.8
1,1,1,0,0,0,1,0,1,4,2,5,0,24683.4
1,1,1,0,0,0,1,0,1,1,0,15,0,58743
1,1,1,0,0,0,1,0,1,2,0,15,0,36077.6
1,1,1,0,0,0,1,0,1,3,0,15,0,28951
1,1,1,0,0,0,1,0,1,4,0,15,0,25697.6
1,1,1,0,0,0,1,0,1,1,1,15,0,58469.2
1,1,1,0,0,0,1,0,1,2,1,15,0,35996.6
1,1,1,0,0,0,1,0,1,3,1,15,0,29046
1,1,1,0,0,0,1,0,1,4,1,15,0,25613.4
1,1,1,0,0,0,1,0,1,1,2,15,0,58020.6
1,1,1,0,0,0,1,0,1,2,2,15,0,36048.4
1,1,1,0,0,0,1,0,1,3,2,15,0,28963.6
1,1,1,0,0,0,1,0,1,4,2,15,0,25301
1,1,1,0,0,0,1,0,1,1,0,0,3,58595.8
1,1,1,0,0,0,1,0,1,2,0,0,3,35713.4
1,1,1,0,0,0,1,0,1,3,0,0,3,28913.8
1,1,1,0,0,0,1,0,1,4,0,0,3,25751.4
1,1,1,0,0,0,1,0,1,1,1,0,3,58423
1,1,1,0,0,0,1,0,1,2,1,0,3,36149.4
1,1,1,0,0,0,1,0,1,3,1,0,3,29079.4
1,1,1,0,0,0,1,0,1,4,1,0,3,25848.8
1,1,1,0,0,0,1,0,1,1,2,0,3,58691.6
1,1,1,0,0,0,1,0,1,2,2,0,3,36053.2
1,1,1,0,0,0,1,0,1,3,2,0,3,28201.2
1,1,1,0,0,0,1,0,1,4,2,0,3,24627.6
1,1,1,0,0,0,1,0,1,1,0,5,3,58650
1,1,1,0,0,0,1,0,1,2,0,5,3,36263.2
1,1,1,0,0,0,1,0,1,3,0,5,3,29016
1,1,1,0,0,0,1,0,1,4,0,5,3,25659.2
1,1,1,0,0,0,1,0,1,1,1,5,3,58491.8
1,1,1,0,0,0,1,0,1,2,1,5,3,36165.4
1,1,1,0,0,0,1,0,1,3,1,5,3,29016.6
1,1,1,0,0,0,1,0,1,4,1,5,3,25661
1,1,1,0,0,0,1,0,1,1,2,5,3,58175.2
1,1,1,0,0,0,1,0,1,2,2,5,3,35844
1,1,1,0,0,0,1,0,1,3,2,5,3,28953.6
1,1,1,0,0,0,1,0,1,4,2,5,3,24697.2
1,1,1,0,0,0,1,0,1,1,0,15,3,58852
1,1,1,0,0,0,1,0,1,2,0,15,3,36128
1,1,1,0,0,0,1,0,1,3,0,15,3,28976.8
1,1,1,0,0,0,1,0,1,4,0,15,3,25729.6
1,1,1,0,0,0,1,0,1,1,1,15,3,58321.8
1,1,1,0,0,0,1,0,1,2,1,15,3,35488.4
1,1,1,0,0,0,1,0,1,3,1,15,3,28959
1,1,1,0,0,0,1,0,1,4,1,15,3,25783
1,1,1,0,0,0,1,0,1,1,2,15,3,58827.6
1,1,1,0,0,0,1,0,1,2,2,15,3,35938
1,1,1,0,0,0,1,0,1,3,2,15,3,28754.6
1,1,1,0,0,0,1,0,1,4,2,15,3,24523.2
1,1,1,0,0,0,1,0,1,1,0,0,6,58679.8
1,1,1,0,0,0,1,0,1,2,0,0,6,36236
1,1,1,0,0,0,1,0,1,3,0,0,6,28964.2
1,1,1,0,0,0,1,0,1,4,0,0,6,25611.4
1,1,1,0,0,0,1,0,1,1,1,0,6,57620.2
1,1,1,0,0,0,1,0,1,2,1,0,6,36078.4
1,1,1,0,0,0,1,0,1,3,1,0,6,29009.4
1,1,1,0,0,0,1,0,1,4,1,0,6,25108.8
1,1,1,0,0,0,1,0,1,1,2,0,6,58967.4
1,1,1,0,0,0,1,0,1,2,2,0,6,35991.8
1,1,1,0,0,0,1,0,1,3,2,0,6,28761.8
1,1,1,0,0,0,1,0,1,4,2,0,6,25142.6
1,1,1,0,0,0,1,0,1,1,0,5,6,58768.6
1,1,1,0,0,0,1,0,1,2,0,5,6,36068.6
1,1,1,0,0,0,1,0,1,3,0,5,6,29074
1,1,1,0,0,0,1,0,1,4,0,5,6,25655.2
1,1,1,0,0,0,1,0,1,1,1,5,6,58383.6
1,1,1,0,0,0,1,0,1,2,1,5,6,35991.2
1,1,1,0,0,0,1,0,1,3,1,5,6,29032.4
1,1,1,0,0,0,1,0,1,4,1,5,6,25609.8
1,1,1,0,0,0,1,0,1,1,2,5,6,58708.2
1,1,1,0,0,0,1,0,1,2,2,5,6,35929.4
1,1,1,0,0,0,1,0,1,3,2,5,6,28949
1,1,1,0,0,0,1,0,1,4,2,5,6,25056.4
1,1,1,0,0,0,1,0,1,1,0,15,6,58596.4
1,1,1,0,0,0,1,0,1,2,0,15,6,36156.2
1,1,1,0,0,0,1,0,1,3,0,15,6,29262.8
1,1,1,0,0,0,1,0,1,4,0,15,6,25691.4
1,1,1,0,0,0,1,0,1,1,1,15,6,58295.2
1,1,1,0,0,0,1,0,1,2,1,15,6,36028.6
1,1,1,0,0,0,1,0,1,3,1,15,6,29117.2
1,1,1,0,0,0,1,0,1,4,1,15,6,25020.8
1,1,1,0,0,0,1,0,1,1,2,15,6,58799
1,1,1,0,0,0,1,0,1,2,2,15,6,35929
1,1,1,0,0,0,1,0,1,3,2,15,6,28833.8
1,1,1,0,0,0,1,0,1,4,2,15,6,24700
1,1,1,0,0,1,0,1,0,1,0,0,0,61227.4
1,1,1,0,0,1,0,1,0,2,0,0,0,35334.2
1,1,1,0,0,1,0,1,0,3,0,0,0,29543.2
1,1,1,0,0,1,0,1,0,4,0,0,0,26056.2
1,1,1,0,0,1,0,1,0,1,1,0,0,60172.8
1,1,1,0,0,1,0,1,0,2,1,0,0,36155.4
1,1,1,0,0,1,0,1,0,3,1,0,0,29596.6
1,1,1,0,0,1,0,1,0,4,1,0,0,26200.2
1,1,1,0,0,1,0,1,0,1,2,0,0,59911.8
1,1,1,0,0,1,0,1,0,2,2,0,0,35302
1,1,1,0,0,1,0,1,0,3,2,0,0,29217.2
1,1,1,0,0,1,0,1,0,4,2,0,0,26508.4
1,1,1,0,0,1,0,1,1,1,0,0,0,61328.2
1,1,1,0,0,1,0,1,1,2,0,0,0,35384.6
1,1,1,0,0,1,0,1,1,3,0,0,0,28929
1,1,1,0,0,1,0,1,1,4,0,0,0,26202.8
1,1,1,0,0,1,0,1,1,1,1,0,0,60297.8
1,1,1,0,0,1,0,1,1,2,1,0,0,36106.4
1,1,1,0,0,1,0,1,1,3,1,0,0,29741.4
1,1,1,0,0,1,0,1,1,4,1,0,0,26186.6
1,1,1,0,0,1,0,1,1,1,2,0,0,59773
1,1,1,0,0,1,0,1,1,2,2,0,0,35344.8
1,1,1,0,0,1,0,1,1,3,2,0,0,29185.4
1,1,1,0,0,1,0,1,1,4,2,0,0,26299.8
1,1,1,0,0,1,1,0,0,1,0,0,0,61522.8
1,1,1,0,0,1,1,0,0,2,0,0,0,35324.2
1,1,1,0,0,1,1,0,0,3,0,0,0,29528.6
1,1,1,0,0,1,1,0,0,4,0,0,0,25732.2
1,1,1,0,0,1,1,0,0,1,1,0,0,60266.6
1,1,1,0,0,1,1,0,0,2,1,0,0,36306.2
1,1,1,0,0,1,1,0,0,3,1,0,0,29683.4
1,1,1,0,0,1,1,0,0,4,1,0,0,26405.4
1,1,1,0,0,1,1,0,0,1,2,0,0,59798.2
1,1,1,0,0,1,1,0,0,2,2,0,0,35242.8
1,1,1,0,0,1,1,0,0,3,2,0,0,29137.6
1,1,1,0,0,1,1,0,0,4,2,0,0,26387.8
1,1,1,0,0,1,1,0,0,1,0,5,0,61444.8
1,1,1,0,0,1,1,0,0,2,0,5,0,35274.2
1,1,1,0,0,1,1,0,0,3,0,5,0,29656.8
1,1,1,0,0,1,1,0,0,4,0,5,0,26100.2
1,1,1,0,0,1,1,0,0,1,1,5,0,60443.8
1,1,1,0,0,1,1,0,0,2,1,5,0,36114.8
1,1,1,0,0,1,1,0,0,3,1,5,0,29637
1,1,1,0,0,1,1,0,0,4,1,5,0,26234.4
1,1,1,0,0,1,1,0,0,1,2,5,0,59783.8
1,1,1,0,0,1,1,0,0,2,2,5,0,35470.6
1,1,1,0,0,1,1,0,0,3,2,5,0,29358.4
1,1,1,0,0,1,1,0,0,4,2,5,0,26287.6
1,1,1,0,0,1,1,0,0,1,0,15,0,61412.2
1,1,1,0,0,1,1,0,0,2,0,15,0,35364.2
1,1,1,0,0,1,1,0,0,3,0,15,0,28870.6
1,1,1,0,0,1,1,0,0,4,0,15,0,26105
1,1,1,0,0,1,1,0,0,1,1,15,0,60349.2
1,1,1,0,0,1,1,0,0,2,1,15,0,36248.2
1,1,1,0,0,1,1,0,0,3,1,15,0,29749.4
1,1,1,0,0,1,1,0,0,4,1,15,0,26354.6
1,1,1,0,0,1,1,0,0,1,2,15,0,59677.2
1,1,1,0,0,1,1,0,0,2,2,15,0,35313.6
1,1,1,0,0,1,1,0,0,3,2,15,0,28623.8
1,1,1,0,0,1,1,0,0,4,2,15,0,26395.8
1,1,1,0,0,1,1,0,0,1,0,0,3,60550.8
1,1,1,0,0,1,1,0,0,2,0,0,3,35274.2
1,1,1,0,0,1,1,0,0,3,0,0,3,29613.6
1,1,1,0,0,1,1,0,0,4,0,0,3,26246.6
1,1,1,0,0,1,1,0,0,1,1,0,3,60437.2
1,1,1,0,0,1,1,0,0,2,1,0,3,36195.6
1,1,1,0,0,1,1,0,0,3,1,0,3,29557
1,1,1,0,0,1,1,0,0,4,1,0,3,26212.6
1,1,1,0,0,1,1,0,0,1,2,0,3,59852.4
1,1,1,0,0,1,1,0,0,2,2,0,3,35210.2
1,1,1,0,0,1,1,0,0,3,2,0,3,29245.2
1,1,1,0,0,1,1,0,0,4,2,0,3,26289.2
1,1,1,0,0,1,1,0,0,1,0,5,3,61545
1,1,1,0,0,1,1,0,0,2,0,5,3,35245.4
1,1,1,0,0,1,1,0,0,3,0,5,3,29688.8
1,1,1,0,0,1,1,0,0,4,0,5,3,26190.4
1,1,1,0,0,1,1,0,0,1,1,5,3,60564.6
1,1,1,0,0,1,1,0,0,2,1,5,3,36246.2
1,1,1,0,0,1,1,0,0,3,1,5,3,29718.2
1,1,1,0,0,1,1,0,0,4,1,5,3,26190
1,1,1,0,0,1,1,0,0,1,2,5,3,60058.2
1,1,1,0,0,1,1,0,0,2,2,5,3,35241.2
1,1,1,0,0,1,1,0,0,3,2,5,3,29025.6
1,1,1,0,0,1,1,0,0,4,2,5,3,26473
1,1,1,0,0,1,1,0,0,1,0,15,3,60964.4
1,1,1,0,0,1,1,0,0,2,0,15,3,34842.8
1,1,1,0,0,1,1,0,0,3,0,15,3,29507.4
1,1,1,0,0,1,1,0,0,4,0,15,3,26104
1,1,1,0,0,1,1,0,0,1,1,15,3,60356.8
1,1,1,0,0,1,1,0,0,2,1,15,3,36059.6
1,1,1,0,0,1,1,0,0,3,1,15,3,29602.2
1,1,1,0,0,1,1,0,0,4,1,15,3,26275.8
1,1,1,0,0,1,1,0,0,1,2,15,3,59661.6
1,1,1,0,0,1,1,0,0,2,2,15,3,35309.6
1,1,1,0,0,1,1,0,0,3,2,15,3,28618.2
1,1,1,0,0,1,1,0,0,4,2,15,3,26394
1,1,1,0,0,1,1,0,0,1,0,0,6,60722.2
1,1,1,0,0,1,1,0,0,2,0,0,6,35219.8
1,1,1,0,0,1,1,0,0,3,0,0,6,29504
1,1,1,0,0,1,1,0,0,4,0,0,6,26150.8
1,1,1,0,0,1,1,0,0,1,1,0,6,60518.2
1,1,1,0,0,1,1,0,0,2,1,0,6,36296.2
1,1,1,0,0,1,1,0,0,3,1,0,6,29694.4
1,1,1,0,0,1,1,0,0,4,1,0,6,26378
1,1,1,0,0,1,1,0,0,1,2,0,6,59994
1,1,1,0,0,1,1,0,0,2,2,0,6,35250.4
1,1,1,0,0,1,1,0,0,3,2,0,6,29112.8
1,1,1,0,0,1,1,0,0,4,2,0,6,26320.8
1,1,1,0,0,1,1,0,0,1,0,5,6,61261.2
1,1,1,0,0,1,1,0,0,2,0,5,6,35308
1,1,1,0,0,1,1,0,0,3,0,5,6,29513.2
1,1,1,0,0,1,1,0,0,4,0,5,6,26066.6
1,1,1,0,0,1,1,0,0,1,1,5,6,60389.8
1,1,1,0,0,1,1,0,0,2,1,5,6,36170.4
1,1,1,0,0,1,1,0,0,3,1,5,6,29608.2
1,1,1,0,0,1,1,0,0,4,1,5,6,26210.6
1,1,1,0,0,1,1,0,0,1,2,5,6,59823.4
1,1,1,0,0,1,1,0,0,2,2,5,6,35292.6
1,1,1,0,0,1,1,0,0,3,2,5,6,29081.4
1,1,1,0,0,1,1,0,0,4,2,5,6,26441.8
1,1,1,0,0,1,1,0,0,1,0,15,6,61262.6
1,1,1,0,0,1,1,0,0,2,0,15,6,35268.8
1,1,1,0,0,1,1,0,0,3,0,15,6,29235.4
1,1,1,0,0,1,1,0,0,4,0,15,6,26037.2
1,1,1,0,0,1,1,0,0,1,1,15,6,60259.8
1,1,1,0,0,1,1,0,0,2,1,15,6,36234.4
1,1,1,0,0,1,1,0,0,3,1,15,6,29666.8
1,1,1,0,0,1,1,0,0,4,1,15,6,26239.6
1,1,1,0,0,1,1,0,0,1,2,15,6,59936.6
1,1,1,0,0,1,1,0,0,2,2,15,6,35375.2
1,1,1,0,0,1,1,0,0,3,2,15,6,29030.6
1,1,1,0,0,1,1,0,0,4,2,15,6,26425.8
1,1,1,0,0,1,1,0,1,1,0,0,0,61360.8
1,1,1,0,0,1,1,0,1,2,0,0,0,35233.2
1,1,1,0,0,1,1,0,1,3,0,0,0,29605
1,1,1,0,0,1,1,0,1,4,0,0,0,26204.6
1,1,1,0,0,1,1,0,1,1,1,0,0,60378
1,1,1,0,0,1,1,0,1,2,1,0,0,36150
1,1,1,0,0,1,1,0,1,3,1,0,0,29698
1,1,1,0,0,1,1,0,1,4,1,0,0,26268.4
1,1,1,0,0,1,1,0,1,1,2,0,0,59648.8
1,1,1,0,0,1,1,0,1,2,2,0,0,35178.6
1,1,1,0,0,1,1,0,1,3,2,0,0,29191
1,1,1,0,0,1,1,0,1,4,2,0,0,26396.8
1,1,1,0,0,1,1,0,1,1,0,5,0,61373.4
1,1,1,0,0,1,1,0,1,2,0,5,0,35349
1,1,1,0,0,1,1,0,1,3,0,5,0,29626.4
1,1,1,0,0,1,1,0,1,4,0,5,0,26182
1,1,1,0,0,1,1,0,1,1,1,5,0,60291.2
1,1,1,0,0,1,1,0,1,2,1,5,0,36070.6
1,1,1,0,0,1,1,0,1,3,1,5,0,29752.8
1,1,1,0,0,1,1,0,1,4,1,5,0,26288.6
1,1,1,0,0,1,1,0,1,1,2,5,0,59747
1,1,1,0,0,1,1,0,1,2,2,5,0,35267
1,1,1,0,0,1,1,0,1,3,2,5,0,29303.8
1,1,1,0,0,1,1,0,1,4,2,5,0,26270.2
1,1,1,0,0,1,1,0,1,1,0,15,0,61484
1,1,1,0,0,1,1,0,1,2,0,15,0,35306.8
1,1,1,0,0,1,1,0,1,3,0,15,0,29502.6
1,1,1,0,0,1,1,0,1,4,0,15,0,26202.6
1,1,1,0,0,1,1,0,1,1,1,15,0,60330.6
1,1,1,0,0,1,1,0,1,2,1,15,0,36134.2
1,1,1,0,0,1,1,0,1,3,1,15,0,29639
1,1,1,0,0,1,1,0,1,4,1,15,0,25697
1,1,1,0,0,1,1,0,1,1,2,15,0,59901.8
1,1,1,0,0,1,1,0,1,2,2,15,0,34756.2
1,1,1,0,0,1,1,0,1,3,2,15,0,29118.4
1,1,1,0,0,1,1,0,1,4,2,15,0,26337.2
1,1,1,0,0,1,1,0,1,1,0,0,3,60671
1,1,1,0,0,1,1,0,1,2,0,0,3,35313.6
1,1,1,0,0,1,1,0,1,3,0,0,3,29458.2
1,1,1,0,0,1,1,0,1,4,0,0,3,26060.2
1,1,1,0,0,1,1,0,1,1,1,0,3,60251.8
1,1,1,0,0,1,1,0,1,2,1,0,3,35577.2
1,1,1,0,0,1,1,0,1,3,1,0,3,29674.8
1,1,1,0,0,1,1,0,1,4,1,0,3,26146
1,1,1,0,0,1,1,0,1,1,2,0,3,59834.2
1,1,1,0,0,1,1,0,1,2,2,0,3,35401.8
1,1,1,0,0,1,1,0,1,3,2,0,3,29118
1,1,1,0,0,1,1,0,1,4,2,0,3,26384.2
1,1,1,0,0,1,1,0,1,1,0,5,3,61329.8
1,1,1,0,0,1,1,0,1,2,0,5,3,35342.6
1,1,1,0,0,1,1,0,1,3,0,5,3,29528.6
1,1,1,0,0,1,1,0,1,4,0,5,3,25591.6
1,1,1,0,0,1,1,0,1,1,1,5,3,59522.4
1,1,1,0,0,1,1,0,1,2,1,5,3,36246.2
1,1,1,0,0,1,1,0,1,3,1,5,3,29654.8
1,1,1,0,0,1,1,0,1,4,1,5,3,26246.8
1,1,1,0,0,1,1,0,1,1,2,5,3,59963.4
1,1,1,0,0,1,1,0,1,2,2,5,3,35151.6
1,1,1,0,0,1,1,0,1,3,2,5,3,29152
1,1,1,0,0,1,1,0,1,4,2,5,3,26274.4
1,1,1,0,0,1,1,0,1,1,0,15,3,61393
1,1,1,0,0,1,1,0,1,2,0,15,3,34704.4
1,1,1,0,0,1,1,0,1,3,0,15,3,29558.4
1,1,1,0,0,1,1,0,1,4,0,15,3,26206.8
1,1,1,0,0,1,1,0,1,1,1,15,3,60271.4
1,1,1,0,0,1,1,0,1,2,1,15,3,36246.4
1,1,1,0,0,1,1,0,1,3,1,15,3,28932
1,1,1,0,0,1,1,0,1,4,1,15,3,25603.6
1,1,1,0,0,1,1,0,1,1,2,15,3,59798
1,1,1,0,0,1,1,0,1,2,2,15,3,35269.2
1,1,1,0,0,1,1,0,1,3,2,15,3,29205
1,1,1,0,0,1,1,0,1,4,2,15,3,26369.8
1,1,1,0,0,1,1,0,1,1,0,0,6,61379.4
1,1,1,0,0,1,1,0,1,2,0,0,6,34806.8
1,1,1,0,0,1,1,0,1,3,0,0,6,29539.6
1,1,1,0,0,1,1,0,1,4,0,0,6,26196.2
1,1,1,0,0,1,1,0,1,1,1,0,6,60321.4
1,1,1,0,0,1,1,0,1,2,1,0,6,36353.8
1,1,1,0,0,1,1,0,1,3,1,0,6,29565.6
1,1,1,0,0,1,1,0,1,4,1,0,6,26278
1,1,1,0,0,1,1,0,1,1,2,0,6,59913.2
1,1,1,0,0,1,1,0,1,2,2,0,6,35222.6
1,1,1,0,0,1,1,0,1,3,2,0,6,28471.2
1,1,1,0,0,1,1,0,1,4,2,0,6,25827
1,1,1,0,0,1,1,0,1,1,0,5,6,61235.8
1,1,1,0,0,1,1,0,1,2,0,5,6,35344.4
1,1,1,0,0,1,1,0,1,3,0,5,6,29558.4
1,1,1,0,0,1,1,0,1,4,0,5,6,26129
1,1,1,0,0,1,1,0,1,1,1,5,6,60241.6
1,1,1,0,0,1,1,0,1,2,1,5,6,36240.6
1,1,1,0,0,1,1,0,1,3,1,5,6,29682.6
1,1,1,0,0,1,1,0,1,4,1,5,6,26330
1,1,1,0,0,1,1,0,1,1,2,5,6,59794.4
1,1,1,0,0,1,1,0,1,2,2,5,6,35319.8
1,1,1,0,0,1,1,0,1,3,2,5,6,29125.2
1,1,1,0,0,1,1,0,1,4,2,5,6,26348.6
1,1,1,0,0,1,1,0,1,1,0,15,6,61302.6
1,1,1,0,0,1,1,0,1,2,0,15,6,35312
1,1,1,0,0,1,1,0,1,3,0,15,6,29569
1,1,1,0,0,1,1,0,1,4,0,15,6,26145.8
1,1,1,0,0,1,1,0,1,1,1,15,6,60319
1,1,1,0,0,1,1,0,1,2,1,15,6,36168.6
1,1,1,0,0,1,1,0,1,3,1,15,6,29659.4
1,1,1,0,0,1,1,0,1,4,1,15,6,26315
1,1,1,0,0,1,1,0,1,1,2,15,6,59725.8
1,1,1,0,0,1,1,0,1,2,2,15,6,35231.6
1,1,1,0,0,1,1,0,1,3,2,15,6,29102.2
1,1,1,0,0,1,1,0,1,4,2,15,6,25827.4
